날짜,저수율
2014-01-01,100.0
2014-01-02,100.0
2014-01-03,100.0
2014-01-04,100.0
2014-01-05,100.0
2014-01-06,100.0
2014-01-07,100.0
2014-01-08,100.0
2014-01-09,100.0
2014-01-10,100.0
2014-01-11,100.0
2014-01-12,100.0
2014-01-13,99.9
2014-01-14,99.9
2014-01-15,99.8
2014-01-16,99.8
2014-01-17,99.8
2014-01-18,99.8
2014-01-19,99.8
2014-01-20,99.6
2014-01-21,99.4
2014-01-22,99.3
2014-01-23,99.2
2014-01-24,99.3
2014-01-25,99.5
2014-01-26,99.8
2014-01-27,99.9
2014-01-28,99.9
2014-01-29,99.9
2014-01-30,100.0
2014-01-31,100.0
2014-02-01,100.0
2014-02-02,100.0
2014-02-03,100.0
2014-02-04,100.0
2014-02-05,100.0
2014-02-06,100.0
2014-02-07,100.0
2014-02-08,100.0
2014-02-09,100.0
2014-02-10,100.0
2014-02-11,99.7
2014-02-12,99.3
2014-02-13,99.0
2014-02-14,98.6
2014-02-15,98.2
2014-02-16,97.9
2014-02-17,97.5
2014-02-18,97.1
2014-02-19,96.7
2014-02-20,96.2
2014-02-21,95.7
2014-02-22,95.1
2014-02-23,94.6
2014-02-24,94.1
2014-02-25,93.7
2014-02-26,93.4
2014-02-27,93.1
2014-02-28,92.8
2014-03-01,92.5
2014-03-02,92.4
2014-03-03,92.3
2014-03-04,92.0
2014-03-05,91.6
2014-03-06,91.1
2014-03-07,90.8
2014-03-08,90.9
2014-03-09,91.1
2014-03-10,91.5
2014-03-11,92.0
2014-03-12,92.6
2014-03-13,93.3
2014-03-14,94.4
2014-03-15,95.8
2014-03-16,96.9
2014-03-17,98.0
2014-03-18,99.3
2014-03-19,100.0
2014-03-20,100.0
2014-03-21,100.0
2014-03-22,100.0
2014-03-23,100.0
2014-03-24,100.0
2014-03-25,100.0
2014-03-26,100.0
2014-03-27,100.0
2014-03-28,100.0
2014-03-29,100.0
2014-03-30,100.0
2014-03-31,100.0
2014-04-01,100.0
2014-04-02,100.0
2014-04-03,100.0
2014-04-04,100.0
2014-04-05,100.0
2014-04-06,100.0
2014-04-07,100.0
2014-04-08,100.0
2014-04-09,100.0
2014-04-10,99.3
2014-04-11,98.1
2014-04-12,96.9
2014-04-13,95.5
2014-04-14,94.1
2014-04-15,92.8
2014-04-16,91.5
2014-04-17,90.4
2014-04-18,89.4
2014-04-19,88.4
2014-04-20,87.3
2014-04-21,86.3
2014-04-22,85.2
2014-04-23,84.1
2014-04-24,82.7
2014-04-25,81.5
2014-04-26,80.8
2014-04-27,80.2
2014-04-28,80.0
2014-04-29,80.3
2014-04-30,80.9
2014-05-01,81.4
2014-05-02,81.7
2014-05-03,81.5
2014-05-04,81.0
2014-05-05,80.2
2014-05-06,79.3
2014-05-07,78.5
2014-05-08,77.3
2014-05-09,76.5
2014-05-10,76.5
2014-05-11,76.5
2014-05-12,75.4
2014-05-13,73.9
2014-05-14,73.3
2014-05-15,72.9
2014-05-16,72.5
2014-05-17,72.0
2014-05-18,70.6
2014-05-19,68.8
2014-05-20,67.4
2014-05-21,66.2
2014-05-22,65.3
2014-05-23,64.9
2014-05-24,64.4
2014-05-25,62.8
2014-05-26,60.9
2014-05-27,59.7
2014-05-28,58.5
2014-05-29,57.1
2014-05-30,55.6
2014-05-31,54.3
2014-06-01,53.1
2014-06-02,52.0
2014-06-03,50.9
2014-06-04,50.0
2014-06-05,49.0
2014-06-06,47.6
2014-06-07,46.0
2014-06-08,45.3
2014-06-09,45.3
2014-06-10,45.3
2014-06-11,45.4
2014-06-12,45.4
2014-06-13,46.1
2014-06-14,47.3
2014-06-15,48.4
2014-06-16,49.5
2014-06-17,50.0
2014-06-18,49.5
2014-06-19,48.2
2014-06-20,46.6
2014-06-21,44.9
2014-06-22,43.5
2014-06-23,42.9
2014-06-24,42.8
2014-06-25,42.7
2014-06-26,42.6
2014-06-27,42.5
2014-06-28,42.4
2014-06-29,42.4
2014-06-30,42.3
2014-07-01,42.3
2014-07-02,42.3
2014-07-03,42.3
2014-07-04,42.3
2014-07-05,42.3
2014-07-06,42.5
2014-07-07,42.8
2014-07-08,42.9
2014-07-09,43.1
2014-07-10,43.7
2014-07-11,44.1
2014-07-12,44.1
2014-07-13,44.1
2014-07-14,46.7
2014-07-15,50.0
2014-07-16,50.9
2014-07-17,51.4
2014-07-18,52.5
2014-07-19,63.3
2014-07-20,74.8
2014-07-21,77.4
2014-07-22,78.4
2014-07-23,78.4
2014-07-24,78.3
2014-07-25,78.2
2014-07-26,78.1
2014-07-27,77.6
2014-07-28,76.8
2014-07-29,75.9
2014-07-30,75.3
2014-07-31,79.2
2014-08-01,87.7
2014-08-02,96.1
2014-08-03,100.0
2014-08-04,100.0
2014-08-05,100.0
2014-08-06,100.0
2014-08-07,100.0
2014-08-08,100.0
2014-08-09,100.0
2014-08-10,100.0
2014-08-11,100.0
2014-08-12,100.0
2014-08-13,100.0
2014-08-14,100.0
2014-08-15,100.0
2014-08-16,100.0
2014-08-17,100.0
2014-08-18,100.0
2014-08-19,100.0
2014-08-20,100.0
2014-08-21,100.0
2014-08-22,100.0
2014-08-23,100.0
2014-08-24,100.0
2014-08-25,100.0
2014-08-26,100.0
2014-08-27,100.0
2014-08-28,100.0
2014-08-29,100.0
2014-08-30,100.0
2014-08-31,100.0
2014-09-01,100.0
2014-09-02,99.8
2014-09-03,99.5
2014-09-04,99.3
2014-09-05,99.2
2014-09-06,99.1
2014-09-07,99.0
2014-09-08,98.9
2014-09-09,98.8
2014-09-10,98.6
2014-09-11,98.4
2014-09-12,98.0
2014-09-13,97.4
2014-09-14,96.8
2014-09-15,96.1
2014-09-16,95.5
2014-09-17,94.8
2014-09-18,94.0
2014-09-19,93.5
2014-09-20,94.2
2014-09-21,95.8
2014-09-22,97.7
2014-09-23,99.3
2014-09-24,100.0
2014-09-25,100.0
2014-09-26,100.0
2014-09-27,100.0
2014-09-28,100.0
2014-09-29,100.0
2014-09-30,100.0
2014-10-01,100.0
2014-10-02,100.0
2014-10-03,100.0
2014-10-04,100.0
2014-10-05,100.0
2014-10-06,100.0
2014-10-07,100.0
2014-10-08,100.0
2014-10-09,100.0
2014-10-10,100.0
2014-10-11,99.9
2014-10-12,99.9
2014-10-13,99.8
2014-10-14,99.7
2014-10-15,99.5
2014-10-16,99.4
2014-10-17,99.3
2014-10-18,99.4
2014-10-19,99.7
2014-10-20,99.9
2014-10-21,100.0
2014-10-22,100.0
2014-10-23,100.0
2014-10-24,100.0
2014-10-25,100.0
2014-10-26,100.0
2014-10-27,100.0
2014-10-28,100.0
2014-10-29,100.0
2014-10-30,100.0
2014-10-31,100.0
2014-11-01,100.0
2014-11-02,100.0
2014-11-03,100.0
2014-11-04,100.0
2014-11-05,100.0
2014-11-06,100.0
2014-11-07,100.0
2014-11-08,100.0
2014-11-09,100.0
2014-11-10,100.0
2014-11-11,100.0
2014-11-12,100.0
2014-11-13,100.0
2014-11-14,100.0
2014-11-15,100.0
2014-11-16,100.0
2014-11-17,100.0
2014-11-18,100.0
2014-11-19,100.0
2014-11-20,100.0
2014-11-21,100.0
2014-11-22,100.0
2014-11-23,100.0
2014-11-24,100.0
2014-11-25,100.0
2014-11-26,100.0
2014-11-27,100.0
2014-11-28,100.0
2014-11-29,100.0
2014-11-30,100.0
2014-12-01,100.0
2014-12-02,100.0
2014-12-03,100.0
2014-12-04,100.0
2014-12-05,100.0
2014-12-06,100.0
2014-12-07,100.0
2014-12-08,100.0
2014-12-09,100.0
2014-12-10,100.0
2014-12-11,100.0
2014-12-12,100.0
2014-12-13,100.0
2014-12-14,100.0
2014-12-15,100.0
2014-12-16,100.0
2014-12-17,100.0
2014-12-18,100.0
2014-12-19,100.0
2014-12-20,100.0
2014-12-21,100.0
2014-12-22,100.0
2014-12-23,100.0
2014-12-24,100.0
2014-12-25,100.0
2014-12-26,100.0
2014-12-27,100.0
2014-12-28,100.0
2014-12-29,100.0
2014-12-30,100.0
2014-12-31,100.0
2015-01-01,100.0
2015-01-02,100.0
2015-01-03,100.0
2015-01-04,100.0
2015-01-05,100.0
2015-01-06,100.0
2015-01-07,100.0
2015-01-08,100.0
2015-01-09,100.0
2015-01-10,100.0
2015-01-11,100.0
2015-01-12,100.0
2015-01-13,100.0
2015-01-14,100.0
2015-01-15,100.0
2015-01-16,100.0
2015-01-17,100.0
2015-01-18,100.0
2015-01-19,100.0
2015-01-20,100.0
2015-01-21,100.0
2015-01-22,100.0
2015-01-23,100.0
2015-01-24,100.0
2015-01-25,100.0
2015-01-26,100.0
2015-01-27,100.0
2015-01-28,100.0
2015-01-29,100.0
2015-01-30,100.0
2015-01-31,100.0
2015-02-01,100.0
2015-02-02,100.0
2015-02-03,100.0
2015-02-04,100.0
2015-02-05,100.0
2015-02-06,100.0
2015-02-07,100.0
2015-02-08,100.0
2015-02-09,100.0
2015-02-10,100.0
2015-02-11,100.0
2015-02-12,100.0
2015-02-13,100.0
2015-02-14,100.0
2015-02-15,100.0
2015-02-16,100.0
2015-02-17,100.0
2015-02-18,100.0
2015-02-19,100.0
2015-02-20,100.0
2015-02-21,100.0
2015-02-22,100.0
2015-02-23,100.0
2015-02-24,100.0
2015-02-25,100.0
2015-02-26,100.0
2015-02-27,100.0
2015-02-28,100.0
2015-03-01,100.0
2015-03-02,100.0
2015-03-03,100.0
2015-03-04,100.0
2015-03-05,100.0
2015-03-06,100.0
2015-03-07,100.0
2015-03-08,100.0
2015-03-09,100.0
2015-03-10,100.0
2015-03-11,100.0
2015-03-12,100.0
2015-03-13,100.0
2015-03-14,100.0
2015-03-15,100.0
2015-03-16,100.0
2015-03-17,100.0
2015-03-18,100.0
2015-03-19,100.0
2015-03-20,100.0
2015-03-21,100.0
2015-03-22,100.0
2015-03-23,100.0
2015-03-24,100.0
2015-03-25,100.0
2015-03-26,100.0
2015-03-27,100.0
2015-03-28,100.0
2015-03-29,100.0
2015-03-30,100.0
2015-03-31,100.0
2015-04-01,100.0
2015-04-02,100.0
2015-04-03,100.0
2015-04-04,100.0
2015-04-05,100.0
2015-04-06,100.0
2015-04-07,100.0
2015-04-08,100.0
2015-04-09,100.0
2015-04-10,100.0
2015-04-11,100.0
2015-04-12,100.0
2015-04-13,100.0
2015-04-14,100.0
2015-04-15,100.0
2015-04-16,100.0
2015-04-17,100.0
2015-04-18,99.9
2015-04-19,99.8
2015-04-20,99.7
2015-04-21,99.3
2015-04-22,98.7
2015-04-23,97.5
2015-04-24,96.7
2015-04-25,96.7
2015-04-26,96.8
2015-04-27,96.9
2015-04-28,97.0
2015-04-29,97.1
2015-04-30,97.1
2015-05-01,97.1
2015-05-02,97.0
2015-05-03,96.9
2015-05-04,96.8
2015-05-05,96.1
2015-05-06,95.0
2015-05-07,93.7
2015-05-08,92.5
2015-05-09,91.8
2015-05-10,91.3
2015-05-11,90.8
2015-05-12,90.5
2015-05-13,90.1
2015-05-14,89.6
2015-05-15,89.0
2015-05-16,88.4
2015-05-17,87.6
2015-05-18,86.7
2015-05-19,85.5
2015-05-20,84.1
2015-05-21,82.6
2015-05-22,81.1
2015-05-23,79.4
2015-05-24,77.7
2015-05-25,75.9
2015-05-26,74.2
2015-05-27,72.5
2015-05-28,71.0
2015-05-29,70.2
2015-05-30,69.4
2015-05-31,67.3
2015-06-01,64.8
2015-06-02,63.2
2015-06-03,61.9
2015-06-04,60.4
2015-06-05,58.2
2015-06-06,56.2
2015-06-07,55.1
2015-06-08,54.2
2015-06-09,52.9
2015-06-10,51.7
2015-06-11,50.7
2015-06-12,50.1
2015-06-13,50.0
2015-06-14,50.0
2015-06-15,49.7
2015-06-16,49.0
2015-06-17,48.2
2015-06-18,47.1
2015-06-19,45.9
2015-06-20,45.0
2015-06-21,44.1
2015-06-22,43.2
2015-06-23,41.9
2015-06-24,41.0
2015-06-25,40.7
2015-06-26,40.6
2015-06-27,40.5
2015-06-28,40.4
2015-06-29,40.3
2015-06-30,40.3
2015-07-01,40.3
2015-07-02,40.2
2015-07-03,40.2
2015-07-04,40.1
2015-07-05,40.1
2015-07-06,40.1
2015-07-07,40.3
2015-07-08,40.9
2015-07-09,42.0
2015-07-10,43.5
2015-07-11,49.9
2015-07-12,61.5
2015-07-13,83.8
2015-07-14,100.0
2015-07-15,100.0
2015-07-16,100.0
2015-07-17,100.0
2015-07-18,100.0
2015-07-19,100.0
2015-07-20,99.1
2015-07-21,97.9
2015-07-22,97.3
2015-07-23,97.0
2015-07-24,97.0
2015-07-25,97.0
2015-07-26,96.3
2015-07-27,95.1
2015-07-28,93.9
2015-07-29,92.6
2015-07-30,91.1
2015-07-31,89.5
2015-08-01,87.8
2015-08-02,86.0
2015-08-03,84.1
2015-08-04,81.9
2015-08-05,79.6
2015-08-06,77.0
2015-08-07,75.5
2015-08-08,75.5
2015-08-09,75.5
2015-08-10,72.2
2015-08-11,67.9
2015-08-12,66.4
2015-08-13,65.1
2015-08-14,63.5
2015-08-15,61.8
2015-08-16,60.0
2015-08-17,58.3
2015-08-18,56.4
2015-08-19,54.9
2015-08-20,54.3
2015-08-21,53.9
2015-08-22,53.6
2015-08-23,53.3
2015-08-24,52.3
2015-08-25,51.4
2015-08-26,51.1
2015-08-27,50.8
2015-08-28,50.5
2015-08-29,50.1
2015-08-30,48.4
2015-08-31,46.6
2015-09-01,46.0
2015-09-02,45.6
2015-09-03,45.4
2015-09-04,45.2
2015-09-05,45.1
2015-09-06,45.0
2015-09-07,44.9
2015-09-08,44.9
2015-09-09,44.8
2015-09-10,44.8
2015-09-11,44.8
2015-09-12,44.8
2015-09-13,44.8
2015-09-14,44.7
2015-09-15,44.4
2015-09-16,44.1
2015-09-17,43.9
2015-09-18,43.8
2015-09-19,43.6
2015-09-20,43.4
2015-09-21,43.2
2015-09-22,42.9
2015-09-23,42.7
2015-09-24,42.7
2015-09-25,42.7
2015-09-26,42.7
2015-09-27,42.7
2015-09-28,42.7
2015-09-29,42.7
2015-09-30,42.7
2015-10-01,49.4
2015-10-02,57.6
2015-10-03,60.2
2015-10-04,61.9
2015-10-05,62.9
2015-10-06,63.4
2015-10-07,63.6
2015-10-08,63.6
2015-10-09,63.7
2015-10-10,63.7
2015-10-11,63.7
2015-10-12,63.7
2015-10-13,63.7
2015-10-14,63.7
2015-10-15,63.6
2015-10-16,63.6
2015-10-17,63.5
2015-10-18,63.2
2015-10-19,62.9
2015-10-20,62.7
2015-10-21,62.4
2015-10-22,62.1
2015-10-23,61.8
2015-10-24,61.7
2015-10-25,61.7
2015-10-26,61.7
2015-10-27,61.6
2015-10-28,61.6
2015-10-29,61.5
2015-10-30,61.5
2015-10-31,61.5
2015-11-01,61.5
2015-11-02,61.2
2015-11-03,60.8
2015-11-04,60.5
2015-11-05,60.4
2015-11-06,60.4
2015-11-07,60.4
2015-11-08,60.4
2015-11-09,61.8
2015-11-10,63.9
2015-11-11,64.9
2015-11-12,65.9
2015-11-13,67.3
2015-11-14,69.1
2015-11-15,71.0
2015-11-16,72.9
2015-11-17,74.8
2015-11-18,76.7
2015-11-19,78.3
2015-11-20,79.2
2015-11-21,80.0
2015-11-22,81.5
2015-11-23,82.8
2015-11-24,83.2
2015-11-25,83.5
2015-11-26,84.1
2015-11-27,84.7
2015-11-28,84.9
2015-11-29,85.0
2015-11-30,85.3
2015-12-01,86.7
2015-12-02,88.6
2015-12-03,90.1
2015-12-04,91.6
2015-12-05,93.0
2015-12-06,94.3
2015-12-07,95.3
2015-12-08,95.7
2015-12-09,96.2
2015-12-10,97.8
2015-12-11,99.2
2015-12-12,99.6
2015-12-13,99.9
2015-12-14,100.0
2015-12-15,100.0
2015-12-16,100.0
2015-12-17,100.0
2015-12-18,100.0
2015-12-19,100.0
2015-12-20,100.0
2015-12-21,100.0
2015-12-22,100.0
2015-12-23,100.0
2015-12-24,100.0
2015-12-25,100.0
2015-12-26,100.0
2015-12-27,100.0
2015-12-28,100.0
2015-12-29,100.0
2015-12-30,100.0
2015-12-31,99.9
2016-01-01,99.7
2016-01-02,99.5
2016-01-03,99.2
2016-01-04,98.9
2016-01-05,98.6
2016-01-06,98.2
2016-01-07,97.8
2016-01-08,97.4
2016-01-09,96.9
2016-01-10,96.4
2016-01-11,95.9
2016-01-12,95.3
2016-01-13,94.8
2016-01-14,94.3
2016-01-15,93.8
2016-01-16,93.3
2016-01-17,92.8
2016-01-18,92.3
2016-01-19,91.8
2016-01-20,91.2
2016-01-21,90.6
2016-01-22,90.1
2016-01-23,89.6
2016-01-24,89.1
2016-01-25,88.6
2016-01-26,88.0
2016-01-27,87.4
2016-01-28,87.0
2016-01-29,86.8
2016-01-30,86.8
2016-01-31,86.8
2016-02-01,86.6
2016-02-02,86.3
2016-02-03,85.9
2016-02-04,85.5
2016-02-05,85.0
2016-02-06,84.4
2016-02-07,83.8
2016-02-08,83.1
2016-02-09,82.5
2016-02-10,82.1
2016-02-11,81.9
2016-02-12,81.9
2016-02-13,81.9
2016-02-14,81.9
2016-02-15,88.9
2016-02-16,96.5
2016-02-17,97.4
2016-02-18,97.8
2016-02-19,97.8
2016-02-20,97.8
2016-02-21,97.8
2016-02-22,97.8
2016-02-23,97.7
2016-02-24,97.6
2016-02-25,97.1
2016-02-26,96.6
2016-02-27,96.6
2016-02-28,96.6
2016-02-29,96.3
2016-03-01,95.9
2016-03-02,95.4
2016-03-03,95.0
2016-03-04,95.8
2016-03-05,97.5
2016-03-06,99.2
2016-03-07,100.0
2016-03-08,100.0
2016-03-09,100.0
2016-03-10,100.0
2016-03-11,100.0
2016-03-12,100.0
2016-03-13,100.0
2016-03-14,100.0
2016-03-15,100.0
2016-03-16,100.0
2016-03-17,100.0
2016-03-18,100.0
2016-03-19,100.0
2016-03-20,100.0
2016-03-21,99.8
2016-03-22,99.4
2016-03-23,99.2
2016-03-24,99.0
2016-03-25,98.8
2016-03-26,98.5
2016-03-27,97.9
2016-03-28,97.3
2016-03-29,96.7
2016-03-30,96.4
2016-03-31,96.4
2016-04-01,96.5
2016-04-02,96.6
2016-04-03,96.7
2016-04-04,96.8
2016-04-05,97.0
2016-04-06,97.2
2016-04-07,97.4
2016-04-08,97.6
2016-04-09,98.0
2016-04-10,98.4
2016-04-11,98.8
2016-04-12,99.0
2016-04-13,99.3
2016-04-14,99.5
2016-04-15,99.6
2016-04-16,99.8
2016-04-17,99.9
2016-04-18,100.0
2016-04-19,100.0
2016-04-20,100.0
2016-04-21,100.0
2016-04-22,100.0
2016-04-23,100.0
2016-04-24,100.0
2016-04-25,100.0
2016-04-26,100.0
2016-04-27,100.0
2016-04-28,100.0
2016-04-29,100.0
2016-04-30,100.0
2016-05-01,100.0
2016-05-02,100.0
2016-05-03,100.0
2016-05-04,100.0
2016-05-05,99.9
2016-05-06,99.8
2016-05-07,99.6
2016-05-08,99.4
2016-05-09,99.2
2016-05-10,99.0
2016-05-11,98.8
2016-05-12,98.6
2016-05-13,98.5
2016-05-14,98.4
2016-05-15,98.2
2016-05-16,98.1
2016-05-17,97.9
2016-05-18,97.6
2016-05-19,97.2
2016-05-20,96.6
2016-05-21,95.5
2016-05-22,94.1
2016-05-23,93.1
2016-05-24,92.6
2016-05-25,92.3
2016-05-26,92.0
2016-05-27,91.6
2016-05-28,90.7
2016-05-29,89.3
2016-05-30,88.1
2016-05-31,87.4
2016-06-01,86.6
2016-06-02,84.7
2016-06-03,82.6
2016-06-04,81.1
2016-06-05,79.9
2016-06-06,78.7
2016-06-07,77.4
2016-06-08,76.1
2016-06-09,74.7
2016-06-10,73.4
2016-06-11,72.1
2016-06-12,70.8
2016-06-13,69.5
2016-06-14,68.1
2016-06-15,66.8
2016-06-16,65.2
2016-06-17,64.2
2016-06-18,64.2
2016-06-19,64.2
2016-06-20,62.2
2016-06-21,59.4
2016-06-22,57.9
2016-06-23,57.2
2016-06-24,57.2
2016-06-25,57.2
2016-06-26,57.2
2016-06-27,58.5
2016-06-28,60.3
2016-06-29,61.1
2016-06-30,62.1
2016-07-01,66.3
2016-07-02,73.2
2016-07-03,83.5
2016-07-04,92.8
2016-07-05,97.7
2016-07-06,100.0
2016-07-07,100.0
2016-07-08,100.0
2016-07-09,100.0
2016-07-10,100.0
2016-07-11,100.0
2016-07-12,99.9
2016-07-13,99.6
2016-07-14,98.9
2016-07-15,98.0
2016-07-16,97.0
2016-07-17,95.9
2016-07-18,94.8
2016-07-19,93.7
2016-07-20,92.5
2016-07-21,91.3
2016-07-22,90.0
2016-07-23,88.5
2016-07-24,87.0
2016-07-25,85.4
2016-07-26,83.8
2016-07-27,82.1
2016-07-28,80.8
2016-07-29,80.0
2016-07-30,79.2
2016-07-31,77.5
2016-08-01,75.9
2016-08-02,75.1
2016-08-03,74.5
2016-08-04,73.9
2016-08-05,73.4
2016-08-06,72.7
2016-08-07,70.9
2016-08-08,69.3
2016-08-09,69.1
2016-08-10,68.9
2016-08-11,68.5
2016-08-12,68.0
2016-08-13,67.2
2016-08-14,66.0
2016-08-15,64.7
2016-08-16,63.4
2016-08-17,62.1
2016-08-18,61.0
2016-08-19,60.3
2016-08-20,59.6
2016-08-21,57.9
2016-08-22,56.0
2016-08-23,54.5
2016-08-24,53.1
2016-08-25,51.9
2016-08-26,50.8
2016-08-27,49.8
2016-08-28,48.9
2016-08-29,48.1
2016-08-30,47.6
2016-08-31,47.0
2016-09-01,45.4
2016-09-02,43.9
2016-09-03,43.6
2016-09-04,43.4
2016-09-05,43.2
2016-09-06,43.1
2016-09-07,42.9
2016-09-08,42.7
2016-09-09,42.8
2016-09-10,42.9
2016-09-11,43.1
2016-09-12,43.3
2016-09-13,43.5
2016-09-14,43.7
2016-09-15,43.9
2016-09-16,44.3
2016-09-17,44.9
2016-09-18,58.3
2016-09-19,73.3
2016-09-20,76.2
2016-09-21,77.8
2016-09-22,78.8
2016-09-23,79.5
2016-09-24,80.1
2016-09-25,80.5
2016-09-26,81.0
2016-09-27,81.5
2016-09-28,82.2
2016-09-29,83.4
2016-09-30,85.3
2016-10-01,88.7
2016-10-02,93.5
2016-10-03,97.8
2016-10-04,99.8
2016-10-05,99.9
2016-10-06,100.0
2016-10-07,100.0
2016-10-08,100.0
2016-10-09,100.0
2016-10-10,100.0
2016-10-11,100.0
2016-10-12,100.0
2016-10-13,100.0
2016-10-14,100.0
2016-10-15,100.0
2016-10-16,100.0
2016-10-17,100.0
2016-10-18,100.0
2016-10-19,100.0
2016-10-20,100.0
2016-10-21,100.0
2016-10-22,100.0
2016-10-23,100.0
2016-10-24,100.0
2016-10-25,100.0
2016-10-26,100.0
2016-10-27,100.0
2016-10-28,100.0
2016-10-29,100.0
2016-10-30,100.0
2016-10-31,100.0
2016-11-01,100.0
2016-11-02,100.0
2016-11-03,100.0
2016-11-04,100.0
2016-11-05,100.0
2016-11-06,100.0
2016-11-07,100.0
2016-11-08,100.0
2016-11-09,100.0
2016-11-10,100.0
2016-11-11,100.0
2016-11-12,100.0
2016-11-13,100.0
2016-11-14,100.0
2016-11-15,100.0
2016-11-16,100.0
2016-11-17,100.0
2016-11-18,100.0
2016-11-19,100.0
2016-11-20,100.0
2016-11-21,100.0
2016-11-22,100.0
2016-11-23,100.0
2016-11-24,100.0
2016-11-25,100.0
2016-11-26,100.0
2016-11-27,100.0
2016-11-28,100.0
2016-11-29,100.0
2016-11-30,100.0
2016-12-01,100.0
2016-12-02,100.0
2016-12-03,100.0
2016-12-04,100.0
2016-12-05,99.9
2016-12-06,99.9
2016-12-07,99.8
2016-12-08,99.7
2016-12-09,99.6
2016-12-10,99.4
2016-12-11,99.2
2016-12-12,99.0
2016-12-13,98.9
2016-12-14,98.9
2016-12-15,98.9
2016-12-16,98.9
2016-12-17,98.9
2016-12-18,98.9
2016-12-19,98.9
2016-12-20,98.9
2016-12-21,98.9
2016-12-22,99.5
2016-12-23,100.0
2016-12-24,100.0
2016-12-25,100.0
2016-12-26,100.0
2016-12-27,100.0
2016-12-28,100.0
2016-12-29,100.0
2016-12-30,100.0
2016-12-31,100.0
2017-01-01,100.0
2017-01-02,100.0
2017-01-03,100.0
2017-01-04,100.0
2017-01-05,100.0
2017-01-06,100.0
2017-01-07,100.0
2017-01-08,100.0
2017-01-09,100.0
2017-01-10,100.0
2017-01-11,100.0
2017-01-12,100.0
2017-01-13,99.9
2017-01-14,99.8
2017-01-15,99.7
2017-01-16,99.5
2017-01-17,99.2
2017-01-18,98.9
2017-01-19,98.7
2017-01-20,98.5
2017-01-21,98.3
2017-01-22,98.0
2017-01-23,97.8
2017-01-24,97.5
2017-01-25,97.3
2017-01-26,97.2
2017-01-27,97.1
2017-01-28,97.1
2017-01-29,97.1
2017-01-30,97.1
2017-01-31,96.4
2017-02-01,95.6
2017-02-02,95.3
2017-02-03,95.1
2017-02-04,94.9
2017-02-05,94.8
2017-02-06,94.6
2017-02-07,94.4
2017-02-08,94.2
2017-02-09,94.1
2017-02-10,93.9
2017-02-11,93.6
2017-02-12,93.2
2017-02-13,92.8
2017-02-14,92.5
2017-02-15,92.3
2017-02-16,92.3
2017-02-17,92.4
2017-02-18,92.5
2017-02-19,92.7
2017-02-20,93.0
2017-02-21,94.1
2017-02-22,95.8
2017-02-23,98.3
2017-02-24,100.0
2017-02-25,100.0
2017-02-26,100.0
2017-02-27,100.0
2017-02-28,100.0
2017-03-01,100.0
2017-03-02,100.0
2017-03-03,100.0
2017-03-04,100.0
2017-03-05,100.0
2017-03-06,100.0
2017-03-07,100.0
2017-03-08,100.0
2017-03-09,100.0
2017-03-10,100.0
2017-03-11,99.9
2017-03-12,99.9
2017-03-13,99.8
2017-03-14,99.7
2017-03-15,99.5
2017-03-16,99.4
2017-03-17,99.3
2017-03-18,99.3
2017-03-19,99.4
2017-03-20,99.5
2017-03-21,99.5
2017-03-22,99.7
2017-03-23,99.8
2017-03-24,99.8
2017-03-25,99.9
2017-03-26,100.0
2017-03-27,100.0
2017-03-28,100.0
2017-03-29,100.0
2017-03-30,100.0
2017-03-31,100.0
2017-04-01,100.0
2017-04-02,100.0
2017-04-03,100.0
2017-04-04,100.0
2017-04-05,100.0
2017-04-06,100.0
2017-04-07,100.0
2017-04-08,100.0
2017-04-09,100.0
2017-04-10,99.9
2017-04-11,99.9
2017-04-12,99.8
2017-04-13,99.7
2017-04-14,99.5
2017-04-15,99.0
2017-04-16,97.2
2017-04-17,95.5
2017-04-18,95.2
2017-04-19,94.9
2017-04-20,93.5
2017-04-21,91.6
2017-04-22,90.2
2017-04-23,89.0
2017-04-24,87.7
2017-04-25,86.4
2017-04-26,85.2
2017-04-27,84.0
2017-04-28,82.7
2017-04-29,81.4
2017-04-30,80.1
2017-05-01,78.8
2017-05-02,77.4
2017-05-03,75.9
2017-05-04,74.4
2017-05-05,73.1
2017-05-06,71.8
2017-05-07,70.6
2017-05-08,69.5
2017-05-09,68.5
2017-05-10,67.5
2017-05-11,66.6
2017-05-12,65.9
2017-05-13,65.4
2017-05-14,64.9
2017-05-15,64.5
2017-05-16,64.0
2017-05-17,63.5
2017-05-18,62.8
2017-05-19,62.1
2017-05-20,61.4
2017-05-21,60.6
2017-05-22,59.9
2017-05-23,59.3
2017-05-24,58.6
2017-05-25,57.5
2017-05-26,56.8
2017-05-27,56.8
2017-05-28,56.8
2017-05-29,54.7
2017-05-30,51.9
2017-05-31,50.9
2017-06-01,50.2
2017-06-02,49.5
2017-06-03,48.5
2017-06-04,47.6
2017-06-05,46.9
2017-06-06,46.3
2017-06-07,45.5
2017-06-08,44.6
2017-06-09,43.6
2017-06-10,42.6
2017-06-11,41.9
2017-06-12,41.2
2017-06-13,40.2
2017-06-14,39.3
2017-06-15,38.7
2017-06-16,38.3
2017-06-17,38.0
2017-06-18,37.8
2017-06-19,37.5
2017-06-20,37.2
2017-06-21,36.3
2017-06-22,35.7
2017-06-23,35.8
2017-06-24,35.9
2017-06-25,36.0
2017-06-26,36.1
2017-06-27,36.1
2017-06-28,36.1
2017-06-29,36.1
2017-06-30,36.1
2017-07-01,36.2
2017-07-02,36.2
2017-07-03,36.2
2017-07-04,37.1
2017-07-05,38.4
2017-07-06,39.1
2017-07-07,40.1
2017-07-08,43.9
2017-07-09,48.1
2017-07-10,49.8
2017-07-11,50.8
2017-07-12,51.4
2017-07-13,51.9
2017-07-14,52.7
2017-07-15,54.0
2017-07-16,59.2
2017-07-17,66.2
2017-07-18,71.7
2017-07-19,75.5
2017-07-20,77.3
2017-07-21,78.5
2017-07-22,79.0
2017-07-23,79.0
2017-07-24,78.8
2017-07-25,78.6
2017-07-26,78.4
2017-07-27,77.6
2017-07-28,77.0
2017-07-29,77.2
2017-07-30,77.5
2017-07-31,77.8
2017-08-01,78.0
2017-08-02,78.0
2017-08-03,78.0
2017-08-04,77.9
2017-08-05,77.9
2017-08-06,77.2
2017-08-07,75.9
2017-08-08,74.7
2017-08-09,73.5
2017-08-10,72.4
2017-08-11,71.4
2017-08-12,70.1
2017-08-13,69.2
2017-08-14,68.9
2017-08-15,68.7
2017-08-16,68.3
2017-08-17,68.0
2017-08-18,68.2
2017-08-19,68.9
2017-08-20,70.0
2017-08-21,71.5
2017-08-22,77.9
2017-08-23,84.8
2017-08-24,86.7
2017-08-25,88.0
2017-08-26,89.4
2017-08-27,90.1
2017-08-28,90.1
2017-08-29,90.0
2017-08-30,90.0
2017-08-31,89.9
2017-09-01,89.8
2017-09-02,89.6
2017-09-03,89.5
2017-09-04,89.5
2017-09-05,89.5
2017-09-06,89.6
2017-09-07,89.6
2017-09-08,89.7
2017-09-09,89.8
2017-09-10,90.0
2017-09-11,95.1
2017-09-12,100.0
2017-09-13,100.0
2017-09-14,100.0
2017-09-15,100.0
2017-09-16,100.0
2017-09-17,100.0
2017-09-18,100.0
2017-09-19,100.0
2017-09-20,99.9
2017-09-21,99.9
2017-09-22,99.9
2017-09-23,99.9
2017-09-24,99.8
2017-09-25,99.8
2017-09-26,99.6
2017-09-27,99.4
2017-09-28,99.1
2017-09-29,98.9
2017-09-30,98.9
2017-10-01,99.0
2017-10-02,99.1
2017-10-03,99.2
2017-10-04,99.4
2017-10-05,99.5
2017-10-06,99.7
2017-10-07,99.8
2017-10-08,99.9
2017-10-09,100.0
2017-10-10,100.0
2017-10-11,100.0
2017-10-12,100.0
2017-10-13,100.0
2017-10-14,100.0
2017-10-15,100.0
2017-10-16,100.0
2017-10-17,100.0
2017-10-18,100.0
2017-10-19,99.9
2017-10-20,99.9
2017-10-21,99.9
2017-10-22,99.9
2017-10-23,99.9
2017-10-24,99.8
2017-10-25,99.8
2017-10-26,99.7
2017-10-27,99.5
2017-10-28,99.3
2017-10-29,99.1
2017-10-30,98.9
2017-10-31,98.7
2017-11-01,98.5
2017-11-02,98.3
2017-11-03,98.1
2017-11-04,97.9
2017-11-05,97.7
2017-11-06,97.5
2017-11-07,97.2
2017-11-08,97.0
2017-11-09,96.8
2017-11-10,96.7
2017-11-11,96.7
2017-11-12,96.7
2017-11-13,96.2
2017-11-14,95.5
2017-11-15,95.1
2017-11-16,94.8
2017-11-17,94.7
2017-11-18,94.6
2017-11-19,94.2
2017-11-20,93.7
2017-11-21,93.5
2017-11-22,93.3
2017-11-23,93.1
2017-11-24,92.9
2017-11-25,92.7
2017-11-26,92.4
2017-11-27,92.2
2017-11-28,92.0
2017-11-29,91.7
2017-11-30,91.5
2017-12-01,91.2
2017-12-02,90.9
2017-12-03,90.7
2017-12-04,90.4
2017-12-05,90.0
2017-12-06,89.7
2017-12-07,89.6
2017-12-08,89.6
2017-12-09,89.4
2017-12-10,89.0
2017-12-11,88.6
2017-12-12,88.3
2017-12-13,88.0
2017-12-14,87.8
2017-12-15,87.5
2017-12-16,87.3
2017-12-17,87.1
2017-12-18,86.8
2017-12-19,86.4
2017-12-20,86.1
2017-12-21,85.8
2017-12-22,85.7
2017-12-23,85.7
2017-12-24,85.7
2017-12-25,85.6
2017-12-26,85.6
2017-12-27,85.4
2017-12-28,85.2
2017-12-29,85.2
2017-12-30,85.1
2017-12-31,84.9
2018-01-01,84.5
2018-01-02,84.1
2018-01-03,83.8
2018-01-04,83.6
2018-01-05,83.5
2018-01-06,83.5
2018-01-07,83.5
2018-01-08,83.1
2018-01-09,82.6
2018-01-10,82.2
2018-01-11,82.0
2018-01-12,82.0
2018-01-13,82.0
2018-01-14,82.0
2018-01-15,82.0
2018-01-16,82.0
2018-01-17,82.0
2018-01-18,82.5
2018-01-19,82.9
2018-01-20,82.9
2018-01-21,82.8
2018-01-22,82.7
2018-01-23,82.6
2018-01-24,82.6
2018-01-25,82.5
2018-01-26,82.4
2018-01-27,82.2
2018-01-28,82.0
2018-01-29,81.8
2018-01-30,81.5
2018-01-31,81.2
2018-02-01,81.0
2018-02-02,80.8
2018-02-03,80.7
2018-02-04,80.6
2018-02-05,80.2
2018-02-06,79.7
2018-02-07,79.2
2018-02-08,78.7
2018-02-09,78.5
2018-02-10,78.3
2018-02-11,78.1
2018-02-12,77.8
2018-02-13,77.5
2018-02-14,77.3
2018-02-15,77.2
2018-02-16,77.0
2018-02-17,76.7
2018-02-18,76.3
2018-02-19,76.0
2018-02-20,75.6
2018-02-21,75.3
2018-02-22,75.1
2018-02-23,75.0
2018-02-24,74.7
2018-02-25,74.4
2018-02-26,74.3
2018-02-27,74.4
2018-02-28,74.5
2018-03-01,74.8
2018-03-02,75.1
2018-03-03,75.6
2018-03-04,76.5
2018-03-05,77.7
2018-03-06,80.1
2018-03-07,82.8
2018-03-08,84.3
2018-03-09,85.5
2018-03-10,86.4
2018-03-11,87.2
2018-03-12,88.1
2018-03-13,89.1
2018-03-14,90.6
2018-03-15,95.8
2018-03-16,100.0
2018-03-17,100.0
2018-03-18,100.0
2018-03-19,100.0
2018-03-20,100.0
2018-03-21,100.0
2018-03-22,100.0
2018-03-23,100.0
2018-03-24,100.0
2018-03-25,100.0
2018-03-26,100.0
2018-03-27,100.0
2018-03-28,100.0
2018-03-29,100.0
2018-03-30,100.0
2018-03-31,100.0
2018-04-01,100.0
2018-04-02,100.0
2018-04-03,100.0
2018-04-04,100.0
2018-04-05,100.0
2018-04-06,100.0
2018-04-07,100.0
2018-04-08,100.0
2018-04-09,99.9
2018-04-10,99.8
2018-04-11,99.6
2018-04-12,99.4
2018-04-13,99.3
2018-04-14,99.2
2018-04-15,99.2
2018-04-16,99.1
2018-04-17,98.5
2018-04-18,97.5
2018-04-19,95.8
2018-04-20,94.4
2018-04-21,94.1
2018-04-22,93.9
2018-04-23,93.7
2018-04-24,93.5
2018-04-25,93.2
2018-04-26,92.7
2018-04-27,91.9
2018-04-28,90.9
2018-04-29,89.8
2018-04-30,88.7
2018-05-01,87.4
2018-05-02,85.9
2018-05-03,84.2
2018-05-04,82.9
2018-05-05,82.3
2018-05-06,81.8
2018-05-07,81.5
2018-05-08,81.2
2018-05-09,81.0
2018-05-10,80.7
2018-05-11,80.3
2018-05-12,79.8
2018-05-13,79.0
2018-05-14,78.0
2018-05-15,77.2
2018-05-16,76.3
2018-05-17,75.2
2018-05-18,74.1
2018-05-19,72.9
2018-05-20,71.8
2018-05-21,71.0
2018-05-22,70.4
2018-05-23,70.1
2018-05-24,69.8
2018-05-25,69.6
2018-05-26,69.4
2018-05-27,69.1
2018-05-28,68.7
2018-05-29,68.0
2018-05-30,67.2
2018-05-31,66.3
2018-06-01,65.4
2018-06-02,64.5
2018-06-03,63.5
2018-06-04,62.7
2018-06-05,62.2
2018-06-06,61.7
2018-06-07,61.2
2018-06-08,60.6
2018-06-09,59.9
2018-06-10,59.4
2018-06-11,59.4
2018-06-12,59.4
2018-06-13,59.2
2018-06-14,58.9
2018-06-15,58.4
2018-06-16,57.9
2018-06-17,57.6
2018-06-18,57.2
2018-06-19,56.3
2018-06-20,55.1
2018-06-21,53.9
2018-06-22,52.7
2018-06-23,52.0
2018-06-24,52.6
2018-06-25,54.4
2018-06-26,57.2
2018-06-27,60.8
2018-06-28,70.8
2018-06-29,83.6
2018-06-30,94.2
2018-07-01,100.0
2018-07-02,100.0
2018-07-03,100.0
2018-07-04,100.0
2018-07-05,100.0
2018-07-06,100.0
2018-07-07,99.9
2018-07-08,99.9
2018-07-09,99.9
2018-07-10,99.8
2018-07-11,99.8
2018-07-12,99.3
2018-07-13,98.3
2018-07-14,97.3
2018-07-15,96.2
2018-07-16,94.8
2018-07-17,93.0
2018-07-18,90.9
2018-07-19,88.9
2018-07-20,87.0
2018-07-21,85.1
2018-07-22,83.2
2018-07-23,81.0
2018-07-24,78.8
2018-07-25,77.0
2018-07-26,75.4
2018-07-27,73.8
2018-07-28,72.3
2018-07-29,70.6
2018-07-30,68.3
2018-07-31,66.1
2018-08-01,64.9
2018-08-02,63.7
2018-08-03,62.0
2018-08-04,60.3
2018-08-05,59.0
2018-08-06,57.7
2018-08-07,56.2
2018-08-08,54.7
2018-08-09,53.2
2018-08-10,51.8
2018-08-11,50.8
2018-08-12,49.9
2018-08-13,49.3
2018-08-14,48.6
2018-08-15,47.3
2018-08-16,45.6
2018-08-17,43.9
2018-08-18,42.4
2018-08-19,41.1
2018-08-20,40.4
2018-08-21,40.4
2018-08-22,40.6
2018-08-23,40.8
2018-08-24,45.3
2018-08-25,55.2
2018-08-26,80.3
2018-08-27,100.0
2018-08-28,100.0
2018-08-29,100.0
2018-08-30,100.0
2018-08-31,100.0
2018-09-01,100.0
2018-09-02,100.0
2018-09-03,100.0
2018-09-04,100.0
2018-09-05,100.0
2018-09-06,100.0
2018-09-07,100.0
2018-09-08,100.0
2018-09-09,100.0
2018-09-10,100.0
2018-09-11,100.0
2018-09-12,100.0
2018-09-13,100.0
2018-09-14,100.0
2018-09-15,100.0
2018-09-16,99.9
2018-09-17,99.8
2018-09-18,99.7
2018-09-19,99.6
2018-09-20,99.3
2018-09-21,99.0
2018-09-22,99.0
2018-09-23,99.0
2018-09-24,99.0
2018-09-25,99.0
2018-09-26,99.0
2018-09-27,98.4
2018-09-28,97.4
2018-09-29,96.8
2018-09-30,96.3
2018-10-01,95.9
2018-10-02,95.5
2018-10-03,95.3
2018-10-04,96.5
2018-10-05,98.8
2018-10-06,100.0
2018-10-07,100.0
2018-10-08,100.0
2018-10-09,100.0
2018-10-10,100.0
2018-10-11,100.0
2018-10-12,100.0
2018-10-13,100.0
2018-10-14,100.0
2018-10-15,100.0
2018-10-16,100.0
2018-10-17,100.0
2018-10-18,100.0
2018-10-19,100.0
2018-10-20,100.0
2018-10-21,100.0
2018-10-22,100.0
2018-10-23,100.0
2018-10-24,100.0
2018-10-25,100.0
2018-10-26,100.0
2018-10-27,100.0
2018-10-28,100.0
2018-10-29,100.0
2018-10-30,100.0
2018-10-31,100.0
2018-11-01,100.0
2018-11-02,99.9
2018-11-03,99.9
2018-11-04,99.8
2018-11-05,99.8
2018-11-06,99.8
2018-11-07,99.9
2018-11-08,100.0
2018-11-09,100.0
2018-11-10,100.0
2018-11-11,100.0
2018-11-12,100.0
2018-11-13,100.0
2018-11-14,100.0
2018-11-15,100.0
2018-11-16,100.0
2018-11-17,100.0
2018-11-18,100.0
2018-11-19,100.0
2018-11-20,100.0
2018-11-21,100.0
2018-11-22,100.0
2018-11-23,100.0
2018-11-24,100.0
2018-11-25,100.0
2018-11-26,100.0
2018-11-27,99.9
2018-11-28,99.9
2018-11-29,99.7
2018-11-30,99.6
2018-12-01,99.6
2018-12-02,99.7
2018-12-03,99.9
2018-12-04,100.0
2018-12-05,100.0
2018-12-06,100.0
2018-12-07,100.0
2018-12-08,100.0
2018-12-09,100.0
2018-12-10,100.0
2018-12-11,100.0
2018-12-12,99.9
2018-12-13,99.9
2018-12-14,99.9
2018-12-15,99.9
2018-12-16,99.9
2018-12-17,99.9
2018-12-18,99.8
2018-12-19,99.8
2018-12-20,99.8
2018-12-21,99.8
2018-12-22,99.8
2018-12-23,99.7
2018-12-24,99.7
2018-12-25,99.6
2018-12-26,99.4
2018-12-27,99.2
2018-12-28,99.1
2018-12-29,99.1
2018-12-30,99.1
2018-12-31,99.1
2019-01-01,97.7
2019-01-02,97.4
2019-01-03,97.3
2019-01-04,97.3
2019-01-05,97.3
2019-01-06,97.3
2019-01-07,97.0
2019-01-08,96.5
2019-01-09,96.2
2019-01-10,96.0
2019-01-11,95.7
2019-01-12,95.4
2019-01-13,95.2
2019-01-14,94.9
2019-01-15,94.6
2019-01-16,94.3
2019-01-17,94.1
2019-01-18,94.0
2019-01-19,93.8
2019-01-20,93.4
2019-01-21,93.0
2019-01-22,92.7
2019-01-23,92.5
2019-01-24,92.4
2019-01-25,92.3
2019-01-26,92.2
2019-01-27,92.0
2019-01-28,91.9
2019-01-29,91.8
2019-01-30,91.7
2019-01-31,91.9
2019-02-01,92.5
2019-02-02,93.4
2019-02-03,94.4
2019-02-04,95.4
2019-02-05,96.3
2019-02-06,97.1
2019-02-07,97.5
2019-02-08,97.7
2019-02-09,97.8
2019-02-10,98.2
2019-02-11,98.5
2019-02-12,98.6
2019-02-13,98.6
2019-02-14,98.7
2019-02-15,98.8
2019-02-16,98.8
2019-02-17,98.9
2019-02-18,98.9
2019-02-19,99.5
2019-02-20,100.0
2019-02-21,100.0
2019-02-22,100.0
2019-02-23,100.0
2019-02-24,100.0
2019-02-25,100.0
2019-02-26,100.0
2019-02-27,100.0
2019-02-28,100.0
2019-03-01,100.0
2019-03-02,100.0
2019-03-03,100.0
2019-03-04,100.0
2019-03-05,100.0
2019-03-06,100.0
2019-03-07,100.0
2019-03-08,100.0
2019-03-09,100.0
2019-03-10,100.0
2019-03-11,100.0
2019-03-12,100.0
2019-03-13,100.0
2019-03-14,100.0
2019-03-15,100.0
2019-03-16,100.0
2019-03-17,100.0
2019-03-18,100.0
2019-03-19,100.0
2019-03-20,100.0
2019-03-21,100.0
2019-03-22,100.0
2019-03-23,100.0
2019-03-24,100.0
2019-03-25,100.0
2019-03-26,100.0
2019-03-27,100.0
2019-03-28,100.0
2019-03-29,100.0
2019-03-30,100.0
2019-03-31,100.0
2019-04-01,100.0
2019-04-02,100.0
2019-04-03,100.0
2019-04-04,100.0
2019-04-05,100.0
2019-04-06,100.0
2019-04-07,100.0
2019-04-08,100.0
2019-04-09,100.0
2019-04-10,100.0
2019-04-11,100.0
2019-04-12,100.0
2019-04-13,100.0
2019-04-14,100.0
2019-04-15,100.0
2019-04-16,99.4
2019-04-17,98.2
2019-04-18,96.5
2019-04-19,95.4
2019-04-20,95.4
2019-04-21,95.4
2019-04-22,93.0
2019-04-23,89.7
2019-04-24,87.9
2019-04-25,87.0
2019-04-26,87.0
2019-04-27,87.0
2019-04-28,87.1
2019-04-29,87.1
2019-04-30,87.2
2019-05-01,88.1
2019-05-02,89.0
2019-05-03,88.8
2019-05-04,88.2
2019-05-05,87.3
2019-05-06,86.3
2019-05-07,85.2
2019-05-08,83.9
2019-05-09,82.3
2019-05-10,80.7
2019-05-11,79.2
2019-05-12,77.7
2019-05-13,76.1
2019-05-14,74.4
2019-05-15,73.0
2019-05-16,71.7
2019-05-17,70.5
2019-05-18,69.8
2019-05-19,69.6
2019-05-20,69.4
2019-05-21,69.2
2019-05-22,69.0
2019-05-23,68.3
2019-05-24,67.1
2019-05-25,66.1
2019-05-26,65.4
2019-05-27,64.9
2019-05-28,64.6
2019-05-29,64.4
2019-05-30,64.2
2019-05-31,63.9
2019-06-01,63.4
2019-06-02,62.8
2019-06-03,61.8
2019-06-04,60.7
2019-06-05,60.2
2019-06-06,60.3
2019-06-07,60.5
2019-06-08,60.8
2019-06-09,61.1
2019-06-10,61.4
2019-06-11,61.6
2019-06-12,61.7
2019-06-13,61.6
2019-06-14,61.5
2019-06-15,61.4
2019-06-16,61.2
2019-06-17,61.1
2019-06-18,61.1
2019-06-19,61.0
2019-06-20,60.3
2019-06-21,59.6
2019-06-22,59.6
2019-06-23,59.8
2019-06-24,60.0
2019-06-25,60.3
2019-06-26,60.7
2019-06-27,61.1
2019-06-28,62.1
2019-06-29,63.9
2019-06-30,69.3
2019-07-01,74.7
2019-07-02,76.5
2019-07-03,77.3
2019-07-04,77.1
2019-07-05,76.6
2019-07-06,75.9
2019-07-07,75.0
2019-07-08,74.1
2019-07-09,72.7
2019-07-10,71.7
2019-07-11,71.8
2019-07-12,71.9
2019-07-13,72.3
2019-07-14,72.7
2019-07-15,73.3
2019-07-16,74.1
2019-07-17,77.3
2019-07-18,82.0
2019-07-19,86.3
2019-07-20,91.1
2019-07-21,95.5
2019-07-22,98.7
2019-07-23,100.0
2019-07-24,100.0
2019-07-25,100.0
2019-07-26,100.0
2019-07-27,99.9
2019-07-28,99.9
2019-07-29,99.8
2019-07-30,99.8
2019-07-31,99.7
2019-08-01,99.6
2019-08-02,99.5
2019-08-03,98.8
2019-08-04,97.3
2019-08-05,95.8
2019-08-06,94.3
2019-08-07,92.8
2019-08-08,91.2
2019-08-09,89.6
2019-08-10,88.0
2019-08-11,86.5
2019-08-12,85.0
2019-08-13,83.7
2019-08-14,82.5
2019-08-15,81.4
2019-08-16,80.3
2019-08-17,78.6
2019-08-18,76.7
2019-08-19,74.8
2019-08-20,72.9
2019-08-21,71.8
2019-08-22,72.2
2019-08-23,73.3
2019-08-24,74.5
2019-08-25,75.6
2019-08-26,76.0
2019-08-27,76.0
2019-08-28,75.8
2019-08-29,75.6
2019-08-30,75.5
2019-08-31,75.3
2019-09-01,75.1
2019-09-02,75.1
2019-09-03,75.4
2019-09-04,76.0
2019-09-05,77.0
2019-09-06,78.2
2019-09-07,79.4
2019-09-08,80.9
2019-09-09,83.1
2019-09-10,85.6
2019-09-11,88.4
2019-09-12,91.1
2019-09-13,93.7
2019-09-14,95.9
2019-09-15,97.6
2019-09-16,98.5
2019-09-17,98.8
2019-09-18,99.1
2019-09-19,99.6
2019-09-20,100.0
2019-09-21,100.0
2019-09-22,100.0
2019-09-23,100.0
2019-09-24,100.0
2019-09-25,100.0
2019-09-26,100.0
2019-09-27,100.0
2019-09-28,100.0
2019-09-29,100.0
2019-09-30,100.0
2019-10-01,100.0
2019-10-02,100.0
2019-10-03,100.0
2019-10-04,100.0
2019-10-05,100.0
2019-10-06,100.0
2019-10-07,100.0
2019-10-08,100.0
2019-10-09,99.9
2019-10-10,99.9
2019-10-11,99.8
2019-10-12,99.2
2019-10-13,98.0
2019-10-14,96.7
2019-10-15,95.4
2019-10-16,94.3
2019-10-17,93.8
2019-10-18,93.3
2019-10-19,92.8
2019-10-20,92.2
2019-10-21,91.7
2019-10-22,91.1
2019-10-23,90.6
2019-10-24,90.1
2019-10-25,89.8
2019-10-26,89.4
2019-10-27,88.5
2019-10-28,87.4
2019-10-29,86.7
2019-10-30,86.0
2019-10-31,85.2
2019-11-01,84.7
2019-11-02,84.7
2019-11-03,84.7
2019-11-04,83.6
2019-11-05,82.0
2019-11-06,81.2
2019-11-07,80.6
2019-11-08,80.0
2019-11-09,79.4
2019-11-10,78.8
2019-11-11,78.2
2019-11-12,77.6
2019-11-13,77.0
2019-11-14,76.4
2019-11-15,75.8
2019-11-16,75.4
2019-11-17,75.1
2019-11-18,74.9
2019-11-19,74.8
2019-11-20,74.6
2019-11-21,74.3
2019-11-22,73.8
2019-11-23,73.3
2019-11-24,72.7
2019-11-25,72.2
2019-11-26,71.7
2019-11-27,71.2
2019-11-28,70.6
2019-11-29,70.2
2019-11-30,70.2
2019-12-01,70.1
2019-12-02,70.1
2019-12-03,70.1
2019-12-04,70.0
2019-12-05,69.8
2019-12-06,69.5
2019-12-07,69.2
2019-12-08,68.8
2019-12-09,68.5
2019-12-10,68.3
2019-12-11,68.1
2019-12-12,67.9
2019-12-13,67.7
2019-12-14,67.5
2019-12-15,67.2
2019-12-16,67.1
2019-12-17,67.0
2019-12-18,67.0
2019-12-19,67.0
2019-12-20,66.9
2019-12-21,66.9
2019-12-22,66.8
2019-12-23,66.8
2019-12-24,66.8
2019-12-25,66.7
2019-12-26,66.5
2019-12-27,66.4
2019-12-28,66.4
2019-12-29,66.4
2019-12-30,66.4
2019-12-31,66.4
2020-01-01,66.1
2020-01-02,66.0
2020-01-03,66.0
2020-01-04,66.0
2020-01-05,66.0
2020-01-06,66.0
2020-01-07,70.0
2020-01-08,76.4
2020-01-09,80.7
2020-01-10,83.8
2020-01-11,85.3
2020-01-12,86.3
2020-01-13,87.1
2020-01-14,87.7
2020-01-15,88.2
2020-01-16,88.5
2020-01-17,88.6
2020-01-18,88.7
2020-01-19,88.8
2020-01-20,88.9
2020-01-21,89.0
2020-01-22,89.1
2020-01-23,89.3
2020-01-24,89.3
2020-01-25,89.3
2020-01-26,89.3
2020-01-27,89.9
2020-01-28,90.8
2020-01-29,91.5
2020-01-30,91.9
2020-01-31,91.9
2020-02-01,91.9
2020-02-02,92.4
2020-02-03,93.0
2020-02-04,93.1
2020-02-05,93.1
2020-02-06,93.1
2020-02-07,93.1
2020-02-08,93.1
2020-02-09,93.1
2020-02-10,93.1
2020-02-11,93.2
2020-02-12,93.2
2020-02-13,93.4
2020-02-14,93.7
2020-02-15,94.1
2020-02-16,94.8
2020-02-17,95.5
2020-02-18,96.1
2020-02-19,96.7
2020-02-20,97.0
2020-02-21,97.3
2020-02-22,98.4
2020-02-23,99.9
2020-02-24,100.0
2020-02-25,100.0
2020-02-26,100.0
2020-02-27,100.0
2020-02-28,100.0
2020-02-29,100.0
2020-03-01,100.0
2020-03-02,100.0
2020-03-03,100.0
2020-03-04,100.0
2020-03-05,100.0
2020-03-06,100.0
2020-03-07,100.0
2020-03-08,100.0
2020-03-09,100.0
2020-03-10,100.0
2020-03-11,100.0
2020-03-12,100.0
2020-03-13,100.0
2020-03-14,100.0
2020-03-15,100.0
2020-03-16,100.0
2020-03-17,100.0
2020-03-18,100.0
2020-03-19,100.0
2020-03-20,100.0
2020-03-21,100.0
2020-03-22,100.0
2020-03-23,100.0
2020-03-24,100.0
2020-03-25,100.0
2020-03-26,100.0
2020-03-27,100.0
2020-03-28,100.0
2020-03-29,100.0
2020-03-30,100.0
2020-03-31,100.0
2020-04-01,100.0
2020-04-02,100.0
2020-04-03,100.0
2020-04-04,100.0
2020-04-05,100.0
2020-04-06,100.0
2020-04-07,100.0
2020-04-08,99.8
2020-04-09,99.6
2020-04-10,99.5
2020-04-11,99.3
2020-04-12,99.2
2020-04-13,99.1
2020-04-14,99.1
2020-04-15,99.0
2020-04-16,96.7
2020-04-17,94.1
2020-04-18,93.8
2020-04-19,93.6
2020-04-20,93.4
2020-04-21,93.3
2020-04-22,93.1
2020-04-23,92.5
2020-04-24,91.5
2020-04-25,90.5
2020-04-26,89.3
2020-04-27,88.1
2020-04-28,86.5
2020-04-29,85.5
2020-04-30,85.5
2020-05-01,85.5
2020-05-02,85.5
2020-05-03,82.9
2020-05-04,79.6
2020-05-05,78.4
2020-05-06,77.4
2020-05-07,76.0
2020-05-08,74.9
2020-05-09,74.5
2020-05-10,74.2
2020-05-11,73.8
2020-05-12,73.2
2020-05-13,72.4
2020-05-14,71.4
2020-05-15,70.4
2020-05-16,69.6
2020-05-17,68.9
2020-05-18,68.2
2020-05-19,67.5
2020-05-20,66.9
2020-05-21,66.6
2020-05-22,66.5
2020-05-23,66.4
2020-05-24,66.0
2020-05-25,65.4
2020-05-26,64.7
2020-05-27,63.9
2020-05-28,63.2
2020-05-29,62.5
2020-05-30,61.6
2020-05-31,60.7
2020-06-01,59.9
2020-06-02,59.3
2020-06-03,58.8
2020-06-04,58.3
2020-06-05,57.8
2020-06-06,57.2
2020-06-07,56.7
2020-06-08,56.0
2020-06-09,54.8
2020-06-10,54.0
2020-06-11,54.0
2020-06-12,54.0
2020-06-13,55.2
2020-06-14,58.3
2020-06-15,75.3
2020-06-16,93.4
2020-06-17,94.4
2020-06-18,95.1
2020-06-19,96.8
2020-06-20,98.0
2020-06-21,98.0
2020-06-22,98.0
2020-06-23,97.6
2020-06-24,97.0
2020-06-25,96.8
2020-06-26,96.5
2020-06-27,95.0
2020-06-28,92.7
2020-06-29,91.5
2020-06-30,91.5
2020-07-01,91.5
2020-07-02,95.3
2020-07-03,99.1
2020-07-04,99.1
2020-07-05,99.1
2020-07-06,99.1
2020-07-07,99.1
2020-07-08,98.5
2020-07-09,98.0
2020-07-10,98.0
2020-07-11,98.0
2020-07-12,99.4
2020-07-13,100.0
2020-07-14,100.0
2020-07-15,100.0
2020-07-16,100.0
2020-07-17,100.0
2020-07-18,100.0
2020-07-19,100.0
2020-07-20,100.0
2020-07-21,100.0
2020-07-22,100.0
2020-07-23,100.0
2020-07-24,100.0
2020-07-25,100.0
2020-07-26,100.0
2020-07-27,100.0
2020-07-28,100.0
2020-07-29,100.0
2020-07-30,100.0
2020-07-31,100.0
2020-08-01,100.0
2020-08-02,100.0
2020-08-03,100.0
2020-08-04,100.0
2020-08-05,100.0
2020-08-06,100.0
2020-08-07,100.0
2020-08-08,100.0
2020-08-09,100.0
2020-08-10,100.0
2020-08-11,100.0
2020-08-12,100.0
2020-08-13,100.0
2020-08-14,100.0
2020-08-15,100.0
2020-08-16,100.0
2020-08-17,99.1
2020-08-18,97.8
2020-08-19,95.8
2020-08-20,93.6
2020-08-21,92.6
2020-08-22,92.6
2020-08-23,92.6
2020-08-24,89.3
2020-08-25,86.1
2020-08-26,86.1
2020-08-27,86.1
2020-08-28,86.1
2020-08-29,88.0
2020-08-30,90.4
2020-08-31,91.0
2020-09-01,91.7
2020-09-02,95.7
2020-09-03,99.7
2020-09-04,100.0
2020-09-05,100.0
2020-09-06,100.0
2020-09-07,100.0
2020-09-08,100.0
2020-09-09,100.0
2020-09-10,100.0
2020-09-11,100.0
2020-09-12,100.0
2020-09-13,100.0
2020-09-14,100.0
2020-09-15,88.3
2020-09-16,72.5
2020-09-17,65.0
2020-09-18,60.8
2020-09-19,59.1
2020-09-20,58.0
2020-09-21,57.7
2020-09-22,57.7
2020-09-23,57.7
2020-09-24,57.8
2020-09-25,58.0
2020-09-26,58.0
2020-09-27,58.0
2020-09-28,57.9
2020-09-29,57.8
2020-09-30,57.8
2020-10-01,57.8
2020-10-02,57.8
2020-10-03,57.8
2020-10-04,57.6
2020-10-05,57.4
2020-10-06,57.2
2020-10-07,56.9
2020-10-08,56.8
2020-10-09,56.8
2020-10-10,56.8
2020-10-11,56.4
2020-10-12,55.8
2020-10-13,55.4
2020-10-14,55.0
2020-10-15,54.8
2020-10-16,54.7
2020-10-17,54.7
2020-10-18,54.3
2020-10-19,53.8
2020-10-20,53.5
2020-10-21,53.3
2020-10-22,53.1
2020-10-23,52.8
2020-10-24,52.6
2020-10-25,52.4
2020-10-26,52.1
2020-10-27,51.8
2020-10-28,51.5
2020-10-29,51.2
2020-10-30,50.9
2020-10-31,50.6
2020-11-01,50.4
2020-11-02,50.2
2020-11-03,49.8
2020-11-04,49.3
2020-11-05,49.1
2020-11-06,49.1
2020-11-07,49.1
2020-11-08,48.8
2020-11-09,48.4
2020-11-10,48.1
2020-11-11,47.7
2020-11-12,47.3
2020-11-13,47.0
2020-11-14,46.7
2020-11-15,46.5
2020-11-16,46.4
2020-11-17,46.4
2020-11-18,46.4
2020-11-19,47.0
2020-11-20,47.6
2020-11-21,47.6
2020-11-22,47.6
2020-11-23,47.5
2020-11-24,47.5
2020-11-25,47.4
2020-11-26,47.2
2020-11-27,47.1
2020-11-28,47.0
2020-11-29,46.7
2020-11-30,46.4
2020-12-01,46.1
2020-12-02,45.9
2020-12-03,45.7
2020-12-04,45.7
2020-12-05,45.6
2020-12-06,45.2
2020-12-07,44.6
2020-12-08,44.3
2020-12-09,44.1
2020-12-10,43.9
2020-12-11,43.9
2020-12-12,43.9
2020-12-13,43.5
2020-12-14,42.8
2020-12-15,42.4
2020-12-16,42.1
2020-12-17,41.8
2020-12-18,41.7
2020-12-19,41.5
2020-12-20,41.2
2020-12-21,40.8
2020-12-22,40.5
2020-12-23,40.2
2020-12-24,40.1
2020-12-25,40.1
2020-12-26,40.1
2020-12-27,39.6
2020-12-28,39.0
2020-12-29,38.8
2020-12-30,38.7
2020-12-31,38.7
2021-01-01,38.5
2021-01-02,38.1
2021-01-03,37.8
2021-01-04,37.5
2021-01-05,37.2
2021-01-06,37.0
2021-01-07,36.7
2021-01-08,36.5
2021-01-09,36.4
2021-01-10,36.2
2021-01-11,36.2
2021-01-12,36.2
2021-01-13,36.2
2021-01-14,36.2
2021-01-15,36.2
2021-01-16,36.2
2021-01-17,36.2
2021-01-18,36.2
2021-01-19,36.2
2021-01-20,36.2
2021-01-21,36.2
2021-01-22,36.2
2021-01-23,36.2
2021-01-24,36.2
2021-01-25,36.2
2021-01-26,36.2
2021-01-27,36.2
2021-01-28,35.8
2021-01-29,35.3
2021-01-30,35.4
2021-01-31,35.5
2021-02-01,35.7
2021-02-02,36.4
2021-02-03,37.2
2021-02-04,37.5
2021-02-05,37.7
2021-02-06,37.7
2021-02-07,37.7
2021-02-08,37.6
2021-02-09,37.5
2021-02-10,37.5
2021-02-11,37.5
2021-02-12,37.5
2021-02-13,37.5
2021-02-14,37.3
2021-02-15,37.1
2021-02-16,36.9
2021-02-17,36.8
2021-02-18,36.7
2021-02-19,36.7
2021-02-20,36.7
2021-02-21,36.7
2021-02-22,36.8
2021-02-23,36.9
2021-02-24,36.9
2021-02-25,36.8
2021-02-26,36.8
2021-02-27,36.8
2021-02-28,36.8
2021-03-01,36.8
2021-03-02,41.2
2021-03-03,47.0
2021-03-04,49.4
2021-03-05,50.5
2021-03-06,50.5
2021-03-07,50.5
2021-03-08,52.3
2021-03-09,54.4
2021-03-10,55.0
2021-03-11,55.3
2021-03-12,55.8
2021-03-13,56.8
2021-03-14,58.0
2021-03-15,59.1
2021-03-16,59.8
2021-03-17,60.4
2021-03-18,61.2
2021-03-19,61.6
2021-03-20,61.6
2021-03-21,61.6
2021-03-22,62.3
2021-03-23,63.1
2021-03-24,63.2
2021-03-25,63.3
2021-03-26,63.3
2021-03-27,63.3
2021-03-28,66.7
2021-03-29,71.3
2021-03-30,73.2
2021-03-31,74.5
2021-04-01,75.1
2021-04-02,75.8
2021-04-03,77.3
2021-04-04,79.6
2021-04-05,81.9
2021-04-06,84.3
2021-04-07,86.3
2021-04-08,87.3
2021-04-09,88.0
2021-04-10,88.4
2021-04-11,88.7
2021-04-12,89.1
2021-04-13,90.2
2021-04-14,91.5
2021-04-15,92.4
2021-04-16,92.9
2021-04-17,92.4
2021-04-18,91.4
2021-04-19,90.1
2021-04-20,88.5
2021-04-21,86.9
2021-04-22,85.8
2021-04-23,84.9
2021-04-24,83.7
2021-04-25,81.2
2021-04-26,78.6
2021-04-27,77.0
2021-04-28,75.5
2021-04-29,73.8
2021-04-30,72.2
2021-05-01,70.6
2021-05-02,69.1
2021-05-03,67.9
2021-05-04,67.1
2021-05-05,66.3
2021-05-06,64.7
2021-05-07,63.0
2021-05-08,61.7
2021-05-09,60.6
2021-05-10,59.4
2021-05-11,58.2
2021-05-12,56.9
2021-05-13,55.3
2021-05-14,54.4
2021-05-15,55.7
2021-05-16,58.5
2021-05-17,61.1
2021-05-18,63.0
2021-05-19,64.9
2021-05-20,67.9
2021-05-21,70.2
2021-05-22,70.8
2021-05-23,71.3
2021-05-24,71.4
2021-05-25,71.2
2021-05-26,70.9
2021-05-27,70.1
2021-05-28,69.1
2021-05-29,68.3
2021-05-30,67.6
2021-05-31,66.8
2021-06-01,65.6
2021-06-02,64.4
2021-06-03,63.5
2021-06-04,62.6
2021-06-05,61.6
2021-06-06,60.6
2021-06-07,59.5
2021-06-08,58.4
2021-06-09,57.4
2021-06-10,56.7
2021-06-11,56.2
2021-06-12,55.8
2021-06-13,55.5
2021-06-14,55.0
2021-06-15,54.1
2021-06-16,53.1
2021-06-17,52.4
2021-06-18,51.9
2021-06-19,51.4
2021-06-20,50.9
2021-06-21,50.6
2021-06-22,50.4
2021-06-23,50.3
2021-06-24,50.9
2021-06-25,51.5
2021-06-26,51.3
2021-06-27,51.1
2021-06-28,50.9
2021-06-29,55.2
2021-06-30,61.1
2021-07-01,63.8
2021-07-02,65.6
2021-07-03,66.6
2021-07-04,67.7
2021-07-05,72.8
2021-07-06,80.9
2021-07-07,92.4
2021-07-08,100.0
2021-07-09,100.0
2021-07-10,100.0
2021-07-11,99.9
2021-07-12,99.8
2021-07-13,98.0
2021-07-14,95.2
2021-07-15,93.2
2021-07-16,91.4
2021-07-17,89.9
2021-07-18,88.6
2021-07-19,87.2
2021-07-20,85.3
2021-07-21,83.8
2021-07-22,83.1
2021-07-23,82.7
2021-07-24,82.0
2021-07-25,80.1
2021-07-26,77.9
2021-07-27,76.5
2021-07-28,75.1
2021-07-29,73.2
2021-07-30,71.6
2021-07-31,70.7
2021-08-01,70.1
2021-08-02,69.4
2021-08-03,68.5
2021-08-04,67.4
2021-08-05,66.2
2021-08-06,64.9
2021-08-07,63.6
2021-08-08,62.4
2021-08-09,61.1
2021-08-10,59.8
2021-08-11,58.5
2021-08-12,57.3
2021-08-13,56.6
2021-08-14,56.6
2021-08-15,56.6
2021-08-16,55.0
2021-08-17,52.7
2021-08-18,51.3
2021-08-19,50.4
2021-08-20,50.0
2021-08-21,49.8
2021-08-22,50.5
2021-08-23,52.2
2021-08-24,59.2
2021-08-25,66.9
2021-08-26,69.5
2021-08-27,71.6
2021-08-28,74.7
2021-08-29,78.0
2021-08-30,80.0
2021-08-31,80.8
2021-09-01,81.1
2021-09-02,80.5
2021-09-03,79.8
2021-09-04,79.8
2021-09-05,79.8
2021-09-06,79.8
2021-09-07,79.8
2021-09-08,78.9
2021-09-09,78.0
2021-09-10,78.0
2021-09-11,78.0
2021-09-12,78.0
2021-09-13,78.0
2021-09-14,78.0
2021-09-15,78.6
2021-09-16,79.2
2021-09-17,79.2
2021-09-18,79.2
2021-09-19,79.2
2021-09-20,79.2
2021-09-21,79.2
2021-09-22,79.2
2021-09-23,79.3
2021-09-24,79.4
2021-09-25,79.2
2021-09-26,78.9
2021-09-27,78.6
2021-09-28,78.3
2021-09-29,78.2
2021-09-30,79.1
2021-10-01,79.9
2021-10-02,79.9
2021-10-03,79.9
2021-10-04,79.9
2021-10-05,79.9
2021-10-06,79.9
2021-10-07,79.7
2021-10-08,79.4
2021-10-09,79.4
2021-10-10,79.4
2021-10-11,79.3
2021-10-12,79.2
2021-10-13,79.1
2021-10-14,79.0
2021-10-15,79.0
2021-10-16,79.0
2021-10-17,79.0
2021-10-18,79.3
2021-10-19,79.6
2021-10-20,79.5
2021-10-21,79.2
2021-10-22,78.9
2021-10-23,78.6
2021-10-24,78.1
2021-10-25,77.7
2021-10-26,77.2
2021-10-27,76.6
2021-10-28,76.2
2021-10-29,76.0
2021-10-30,75.7
2021-10-31,75.1
2021-11-01,74.3
2021-11-02,73.6
2021-11-03,72.9
2021-11-04,72.4
2021-11-05,72.0
2021-11-06,71.8
2021-11-07,71.8
2021-11-08,71.8
2021-11-09,72.7
2021-11-10,74.1
2021-11-11,75.4
2021-11-12,76.1
2021-11-13,76.1
2021-11-14,76.1
2021-11-15,77.0
2021-11-16,78.0
2021-11-17,78.2
2021-11-18,78.4
2021-11-19,78.4
2021-11-20,78.3
2021-11-21,78.1
2021-11-22,77.9
2021-11-23,77.8
2021-11-24,77.7
2021-11-25,77.5
2021-11-26,77.3
2021-11-27,77.1
2021-11-28,76.8
2021-11-29,76.7
2021-11-30,78.5
2021-12-01,81.4
2021-12-02,83.4
2021-12-03,84.9
2021-12-04,85.7
2021-12-05,86.2
2021-12-06,86.2
2021-12-07,86.6
2021-12-08,86.7
2021-12-09,86.7
2021-12-10,86.7
2021-12-11,86.7
2021-12-12,86.5
2021-12-13,86.2
2021-12-14,86.1
2021-12-15,85.9
2021-12-16,85.6
2021-12-17,85.2
2021-12-18,84.8
2021-12-19,84.5
2021-12-20,84.1
2021-12-21,83.8
2021-12-22,83.4
2021-12-23,83.0
2021-12-24,82.5
2021-12-25,82.0
2021-12-26,81.4
2021-12-27,80.8
2021-12-28,80.2
2021-12-29,79.6
2021-12-30,79.2
2021-12-31,79.0
2022-01-01,77.9
2022-01-02,77.3
2022-01-03,76.9
2022-01-04,76.5
2022-01-05,76.1
2022-01-06,75.6
2022-01-07,75.0
2022-01-08,74.4
2022-01-09,73.8
2022-01-10,73.2
2022-01-11,72.6
2022-01-12,72.0
2022-01-13,71.4
2022-01-14,70.8
2022-01-15,70.3
2022-01-16,69.8
2022-01-17,69.2
2022-01-18,68.5
2022-01-19,67.9
2022-01-20,67.4
2022-01-21,67.1
2022-01-22,66.8
2022-01-23,66.0
2022-01-24,65.1
2022-01-25,64.6
2022-01-26,64.1
2022-01-27,63.5
2022-01-28,63.1
2022-01-29,63.1
2022-01-30,63.1
2022-01-31,63.1
2022-02-01,63.1
2022-02-02,63.1
2022-02-03,61.5
2022-02-04,59.4
2022-02-05,58.7
2022-02-06,58.3
2022-02-07,57.8
2022-02-08,57.2
2022-02-09,56.6
2022-02-10,56.1
2022-02-11,55.7
2022-02-12,55.2
2022-02-13,54.7
2022-02-14,54.2
2022-02-15,53.7
2022-02-16,53.2
2022-02-17,52.7
2022-02-18,52.3
2022-02-19,51.9
2022-02-20,51.5
2022-02-21,51.2
2022-02-22,50.9
2022-02-23,50.7
2022-02-24,50.6
2022-02-25,50.6
2022-02-26,50.5
2022-02-27,50.4
2022-02-28,50.3
2022-03-01,50.2
2022-03-02,50.2
2022-03-03,50.1
2022-03-04,50.1
2022-03-05,50.0
2022-03-06,50.0
2022-03-07,50.0
2022-03-08,50.0
2022-03-09,49.9
2022-03-10,49.9
2022-03-11,49.9
2022-03-12,49.9
2022-03-13,51.1
2022-03-14,52.7
2022-03-15,53.3
2022-03-16,53.8
2022-03-17,54.4
2022-03-18,55.0
2022-03-19,55.8
2022-03-20,56.6
2022-03-21,57.4
2022-03-22,58.0
2022-03-23,58.6
2022-03-24,59.0
2022-03-25,59.6
2022-03-26,61.6
2022-03-27,64.8
2022-03-28,70.7
2022-03-29,76.0
2022-03-30,77.4
2022-03-31,78.3
2022-04-01,79.0
2022-04-02,79.7
2022-04-03,80.3
2022-04-04,80.8
2022-04-05,81.3
2022-04-06,81.7
2022-04-07,81.9
2022-04-08,81.9
2022-04-09,81.9
2022-04-10,81.9
2022-04-11,81.5
2022-04-12,80.6
2022-04-13,79.6
2022-04-14,78.3
2022-04-15,77.1
2022-04-16,76.1
2022-04-17,75.2
2022-04-18,74.2
2022-04-19,73.1
2022-04-20,71.8
2022-04-21,70.7
2022-04-22,69.5
2022-04-23,68.3
2022-04-24,67.0
2022-04-25,66.2
2022-04-26,65.8
2022-04-27,65.4
2022-04-28,64.8
2022-04-29,64.1
2022-04-30,63.4
2022-05-01,62.8
2022-05-02,62.1
2022-05-03,61.3
2022-05-04,60.4
2022-05-05,59.6
2022-05-06,58.7
2022-05-07,57.8
2022-05-08,56.8
2022-05-09,55.8
2022-05-10,54.6
2022-05-11,53.5
2022-05-12,52.8
2022-05-13,52.2
2022-05-14,51.3
2022-05-15,50.2
2022-05-16,49.2
2022-05-17,48.2
2022-05-18,47.3
2022-05-19,46.5
2022-05-20,45.6
2022-05-21,44.7
2022-05-22,43.6
2022-05-23,42.8
2022-05-24,42.2
2022-05-25,41.7
2022-05-26,41.0
2022-05-27,40.3
2022-05-28,39.6
2022-05-29,38.9
2022-05-30,38.5
2022-05-31,38.3
2022-06-01,38.2
2022-06-02,37.2
2022-06-03,36.4
2022-06-04,36.4
2022-06-05,36.4
2022-06-06,36.4
2022-06-07,36.4
2022-06-08,36.6
2022-06-09,36.7
2022-06-10,36.7
2022-06-11,36.7
2022-06-12,36.5
2022-06-13,35.9
2022-06-14,35.4
2022-06-15,34.8
2022-06-16,34.3
2022-06-17,33.9
2022-06-18,33.3
2022-06-19,32.4
2022-06-20,31.8
2022-06-21,31.8
2022-06-22,31.8
2022-06-23,32.5
2022-06-24,33.8
2022-06-25,35.5
2022-06-26,36.7
2022-06-27,36.8
2022-06-28,36.9
2022-06-29,37.0
2022-06-30,37.0
2022-07-01,37.0
2022-07-02,37.1
2022-07-03,36.9
2022-07-04,36.7
2022-07-05,36.7
2022-07-06,36.6
2022-07-07,36.3
2022-07-08,35.8
2022-07-09,35.3
2022-07-10,34.8
2022-07-11,34.5
2022-07-12,34.4
2022-07-13,34.4
2022-07-14,34.4
2022-07-15,34.4
2022-07-16,34.4
2022-07-17,34.7
2022-07-18,37.8
2022-07-19,42.3
2022-07-20,45.0
2022-07-21,47.1
2022-07-22,48.6
2022-07-23,50.0
2022-07-24,52.2
2022-07-25,54.2
2022-07-26,55.7
2022-07-27,57.0
2022-07-28,57.6
2022-07-29,57.7
2022-07-30,57.9
2022-07-31,66.2
2022-08-01,80.2
2022-08-02,92.6
2022-08-03,99.8
2022-08-04,99.8
2022-08-05,99.8
2022-08-06,99.8
2022-08-07,99.8
2022-08-08,99.8
2022-08-09,99.7
2022-08-10,98.6
2022-08-11,97.6
2022-08-12,97.5
2022-08-13,97.4
2022-08-14,97.4
2022-08-15,97.4
2022-08-16,97.3
2022-08-17,97.2
2022-08-18,96.7
2022-08-19,96.3
2022-08-20,96.2
2022-08-21,96.2
2022-08-22,95.5
2022-08-23,94.9
2022-08-24,94.9
2022-08-25,94.9
2022-08-26,94.9
2022-08-27,95.3
2022-08-28,95.9
2022-08-29,96.6
2022-08-30,97.0
2022-08-31,97.0
2022-09-01,97.0
2022-09-02,97.0
2022-09-03,97.0
2022-09-04,97.0
2022-09-05,97.8
2022-09-06,98.7
2022-09-07,98.7
2022-09-08,98.7
2022-09-09,97.8
2022-09-10,96.0
2022-09-11,93.9
2022-09-12,91.5
2022-09-13,88.7
2022-09-14,85.6
2022-09-15,82.3
2022-09-16,79.2
2022-09-17,76.9
2022-09-18,74.9
2022-09-19,73.0
2022-09-20,71.2
2022-09-21,69.7
2022-09-22,68.7
2022-09-23,67.7
2022-09-24,66.4
2022-09-25,65.1
2022-09-26,64.2
2022-09-27,63.4
2022-09-28,62.2
2022-09-29,61.0
2022-09-30,60.4
2022-10-01,60.4
2022-10-02,60.4
2022-10-03,59.2
2022-10-04,58.0
2022-10-05,57.7
2022-10-06,57.7
2022-10-07,57.7
2022-10-08,57.7
2022-10-09,57.7
2022-10-10,57.5
2022-10-11,57.2
2022-10-12,57.1
2022-10-13,57.0
2022-10-14,56.9
2022-10-15,56.8
2022-10-16,56.5
2022-10-17,56.1
2022-10-18,55.8
2022-10-19,55.4
2022-10-20,55.1
2022-10-21,54.7
2022-10-22,54.4
2022-10-23,54.1
2022-10-24,53.8
2022-10-25,53.4
2022-10-26,53.0
2022-10-27,52.7
2022-10-28,52.4
2022-10-29,52.2
2022-10-30,51.9
2022-10-31,51.7
2022-11-01,51.3
2022-11-02,51.0
2022-11-03,50.7
2022-11-04,50.5
2022-11-05,50.1
2022-11-06,49.7
2022-11-07,49.3
2022-11-08,48.9
2022-11-09,48.6
2022-11-10,48.5
2022-11-11,48.5
2022-11-12,48.5
2022-11-13,49.5
2022-11-14,50.5
2022-11-15,50.5
2022-11-16,50.5
2022-11-17,50.4
2022-11-18,50.4
2022-11-19,50.4
2022-11-20,50.3
2022-11-21,50.2
2022-11-22,50.0
2022-11-23,49.9
2022-11-24,49.8
2022-11-25,49.7
2022-11-26,49.6
2022-11-27,49.6
2022-11-28,49.6
2022-11-29,50.6
2022-11-30,51.9
2022-12-01,52.5
2022-12-02,52.7
2022-12-03,52.7
2022-12-04,52.7
2022-12-05,52.8
2022-12-06,52.8
2022-12-07,52.8
2022-12-08,52.8
2022-12-09,52.8
2022-12-10,52.8
2022-12-11,52.6
2022-12-12,52.4
2022-12-13,52.3
2022-12-14,52.1
2022-12-15,52.0
2022-12-16,51.9
2022-12-17,51.9
2022-12-18,51.6
2022-12-19,51.3
2022-12-20,51.0
2022-12-21,50.8
2022-12-22,50.7
2022-12-23,50.7
2022-12-24,50.7
2022-12-25,50.4
2022-12-26,50.0
2022-12-27,49.7
2022-12-28,49.5
2022-12-29,49.3
2022-12-30,49.2
2022-12-31,49.1
2023-01-01,49.0
2023-01-02,48.4
2023-01-03,48.2
2023-01-04,47.9
2023-01-05,47.6
2023-01-06,47.5
2023-01-07,47.5
2023-01-08,47.5
2023-01-09,47.2
2023-01-10,47.2
2023-01-11,46.5
2023-01-12,46.2
2023-01-13,47.0
2023-01-14,47.0
2023-01-15,47.0
2023-01-16,59.3
2023-01-17,60.2
2023-01-18,60.4
2023-01-19,60.6
2023-01-20,60.7
2023-01-21,60.7
2023-01-22,60.7
2023-01-23,60.7
2023-01-24,60.7
2023-01-25,60.0
2023-01-26,61.1
2023-01-27,60.0
2023-01-28,60.0
2023-01-29,60.0
2023-01-30,60.4
2023-01-31,58.1
2023-02-01,59.6
2023-02-02,59.6
2023-02-03,59.3
2023-02-04,59.3
2023-02-05,59.3
2023-02-06,58.7
2023-02-07,58.4
2023-02-08,58.1
2023-02-09,57.9
2023-02-10,57.7
2023-02-11,57.7
2023-02-12,57.7
2023-02-13,57.2
2023-02-14,57.2
2023-02-15,57.1
2023-02-16,56.8
2023-02-17,56.6
2023-02-18,56.6
2023-02-19,56.6
2023-02-20,56.8
2023-02-21,56.8
2023-02-22,56.5
2023-02-23,56.4
2023-02-24,56.2
2023-02-25,56.2
2023-02-26,56.2
2023-02-27,55.6
2023-02-28,55.4
2023-03-01,55.4
2023-03-02,55.1
2023-03-03,54.8
2023-03-04,54.8
2023-03-05,54.8
2023-03-06,54.1
2023-03-07,53.8
2023-03-08,53.7
2023-03-09,53.5
2023-03-10,53.5
2023-03-11,53.5
2023-03-12,53.5
2023-03-13,54.5
2023-03-14,54.7
2023-03-15,54.8
2023-03-16,54.9
2023-03-17,55.0
2023-03-18,55.0
2023-03-19,55.0
2023-03-20,54.7
2023-03-21,54.6
2023-03-22,54.6
2023-03-23,54.8
2023-03-24,55.9
2023-03-25,55.9
2023-03-26,55.9
2023-03-27,57.5
2023-03-28,57.9
2023-03-29,58.1
2023-03-30,58.2
2023-03-31,58.3
2023-04-01,58.3
2023-04-02,58.3
2023-04-03,58.5
2023-04-04,58.5
2023-04-05,60.4
2023-04-06,62.7
2023-04-07,64.6
2023-04-08,64.6
2023-04-09,64.6
2023-04-10,68.3
2023-04-11,68.8
2023-04-12,69.4
2023-04-13,69.6
2023-04-14,69.8
2023-04-15,69.8
2023-04-16,69.8
2023-04-17,70.2
2023-04-18,70.2
2023-04-19,68.3
2023-04-20,67.0
2023-04-21,65.1
2023-04-22,65.1
2023-04-23,65.1
2023-04-24,59.0
2023-04-25,57.2
2023-04-26,55.6
2023-04-27,53.8
2023-04-28,51.9
2023-04-29,51.9
2023-04-30,51.9
2023-05-01,51.9
2023-05-02,45.6
2023-05-03,44.4
2023-05-04,43.5
2023-05-05,43.5
2023-05-06,43.5
2023-05-07,43.5
2023-05-08,57.4
2023-05-09,58.2
2023-05-10,58.4
2023-05-11,58.1
2023-05-12,57.4
2023-05-13,57.1
2023-05-14,57.1
2023-05-15,54.8
2023-05-16,53.6
2023-05-17,53.1
2023-05-18,52.1
2023-05-19,51.3
2023-05-20,51.3
2023-05-21,51.3
2023-05-22,48.2
2023-05-23,46.9
2023-05-24,46.4
2023-05-25,45.8
2023-05-26,44.9
2023-05-27,44.9
2023-05-28,44.9
2023-05-29,43.8
2023-05-30,54.8
2023-05-31,57.5
2023-06-01,58.4
2023-06-02,59.0
2023-06-03,59.4
2023-06-04,59.5
2023-06-05,59.2
2023-06-06,58.7
2023-06-07,57.9
2023-06-08,57.5
2023-06-09,56.8
2023-06-10,55.9
2023-06-11,55.9
2023-06-12,54.3
2023-06-13,53.5
2023-06-14,52.7
2023-06-15,51.5
2023-06-16,50.8
2023-06-17,50.8
2023-06-18,50.8
2023-06-19,48.0
2023-06-20,47.3
2023-06-21,46.1
2023-06-22,45.6
2023-06-23,44.7
2023-06-24,43.3
2023-06-25,42.3
2023-06-26,50.8
2023-06-27,68.3
2023-06-28,100.0
2023-06-29,100.0
2023-06-30,100.0
2023-07-01,100.0
2023-07-02,100.0
2023-07-03,100.0
2023-07-04,100.0
2023-07-05,100.0
2023-07-06,100.0
2023-07-07,100.0
2023-07-08,100.0
2023-07-09,100.0
2023-07-10,100.0
2023-07-11,100.0
2023-07-12,100.0
2023-07-13,100.0
2023-07-14,100.0
2023-07-15,100.0
2023-07-16,100.0
2023-07-17,100.0
2023-07-18,100.0
2023-07-19,100.0
2023-07-20,100.0
2023-07-21,100.0
2023-07-22,98.9
2023-07-23,97.4
2023-07-24,99.2
2023-07-25,100.0
2023-07-26,100.0
2023-07-27,99.8
2023-07-28,99.0
2023-07-29,97.3
2023-07-30,95.8
2023-07-31,94.1
2023-08-01,91.9
2023-08-02,89.8
2023-08-03,87.7
2023-08-04,85.6
2023-08-05,85.6
2023-08-06,81.2
2023-08-07,79.6
2023-08-08,75.9
2023-08-09,74.1
2023-08-10,100.0
2023-08-11,100.0
2023-08-12,100.0
2023-08-13,100.0
2023-08-14,99.4
2023-08-15,98.4
2023-08-16,97.1
2023-08-17,95.6
2023-08-18,95.0
2023-08-19,95.0
2023-08-20,92.6
2023-08-21,93.6
2023-08-22,92.9
2023-08-23,93.7
2023-08-24,99.3
2023-08-25,100.0
2023-08-26,100.0
2023-08-27,100.0
2023-08-28,98.5
2023-08-29,99.0
2023-08-30,100.0
2023-08-31,100.0
2023-09-01,100.0
2023-09-02,100.0
2023-09-03,100.0
2023-09-04,95.8
2023-09-05,93.0
2023-09-06,89.4
2023-09-07,85.8
2023-09-08,82.6
2023-09-09,82.6
2023-09-10,74.8
2023-09-11,71.5
2023-09-12,70.4
2023-09-13,69.5
2023-09-14,68.7
2023-09-15,69.4
2023-09-16,69.4
2023-09-17,69.4
2023-09-18,87.5
2023-09-19,88.5
2023-09-20,86.9
2023-09-21,87.7
2023-09-22,88.7
2023-09-23,88.7
2023-09-24,88.7
2023-09-25,81.0
2023-09-26,77.7
2023-09-27,75.1
2023-09-28,75.1
2023-09-29,75.1
2023-09-30,65.2
2023-10-01,65.2
2023-10-02,65.2
2023-10-03,65.2
2023-10-04,57.8
2023-10-05,57.4
2023-10-06,57.1
2023-10-07,57.1
2023-10-08,57.1
2023-10-09,57.1
2023-10-10,55.4
2023-10-11,54.8
2023-10-12,54.4
2023-10-13,53.7
2023-10-14,53.7
2023-10-15,53.7
2023-10-16,53.8
2023-10-17,53.6
2023-10-18,53.6
2023-10-19,53.6
2023-10-20,53.9
2023-10-21,53.9
2023-10-22,53.9
2023-10-23,54.0
2023-10-24,54.0
2023-10-25,54.0
2023-10-26,53.9
2023-10-27,53.9
2023-10-28,53.9
2023-10-29,53.9
2023-10-30,53.7
2023-10-31,53.6
2023-11-01,53.5
2023-11-02,53.3
2023-11-03,53.3
2023-11-04,53.3
2023-11-05,53.3
2023-11-06,54.0
2023-11-07,57.1
2023-11-08,57.6
2023-11-09,57.9
2023-11-10,59.3
2023-11-11,59.3
2023-11-12,59.3
2023-11-13,62.9
2023-11-14,63.2
2023-11-15,63.6
2023-11-16,63.7
2023-11-17,64.8
2023-11-18,64.8
2023-11-19,64.8
2023-11-20,67.2
2023-11-21,68.1
2023-11-22,69.1
2023-11-23,69.7
2023-11-24,70.7
2023-11-25,70.7
2023-11-26,70.7
2023-11-27,71.9
2023-11-28,72.4
2023-11-29,72.7
2023-11-30,73.0
2023-12-01,73.1
2023-12-02,73.1
2023-12-03,73.1
2023-12-04,73.2
2023-12-05,73.0
2023-12-06,73.2
2023-12-07,73.2
2023-12-08,73.2
2023-12-09,73.2
2023-12-10,73.2
2023-12-11,73.0
2023-12-12,74.4
2023-12-13,75.0
2023-12-14,75.6
2023-12-15,88.6
2023-12-16,88.6
2023-12-17,88.6
2023-12-18,85.8
2023-12-19,85.6
2023-12-20,85.5
2023-12-21,85.6
2023-12-22,85.5
2023-12-23,85.5
2023-12-24,85.5
2023-12-25,85.5
2023-12-26,85.0
2023-12-27,85.0
2023-12-28,84.9
2023-12-29,84.9
2023-12-30,84.9
2023-12-31,84.9
2024-01-01,84.9
2024-01-02,84.9
2024-01-03,85.1
2024-01-04,85.1
2024-01-05,84.9
2024-01-06,84.9
2024-01-07,84.9
2024-01-08,85.0
2024-01-09,85.0
2024-01-10,85.0
2024-01-11,85.1
2024-01-12,84.9
2024-01-13,84.9
2024-01-14,84.9
2024-01-15,85.0
2024-01-16,85.0
2024-01-17,84.9
2024-01-18,84.9
2024-01-19,85.3
2024-01-20,85.3
2024-01-21,85.3
2024-01-22,85.8
2024-01-23,85.7
2024-01-24,85.4
2024-01-25,85.5
2024-01-26,85.3
2024-01-27,85.3
2024-01-28,85.3
2024-01-29,85.0
2024-01-30,85.0
2024-01-31,85.0
2024-02-01,85.0
2024-02-02,85.1
2024-02-03,85.0
2024-02-04,85.0
2024-02-05,85.3
2024-02-06,85.4
2024-02-07,85.3
2024-02-08,85.3
2024-02-09,85.3
2024-02-10,85.3
2024-02-11,85.3
2024-02-12,85.3
2024-02-13,84.8
2024-02-14,84.8
2024-02-15,85.5
2024-02-16,85.6
2024-02-17,85.6
2024-02-18,85.6
2024-02-19,88.4
2024-02-20,86.8
2024-02-21,86.2
2024-02-22,85.9
2024-02-23,85.9
2024-02-24,85.9
2024-02-25,85.9
2024-02-26,85.5
2024-02-27,85.3
2024-02-28,85.3
2024-02-29,85.2
2024-03-01,85.2
2024-03-02,85.2
2024-03-03,85.2
2024-03-04,85.0
2024-03-05,85.0
2024-03-06,85.0
2024-03-07,85.1
2024-03-08,85.1
2024-03-09,85.1
2024-03-10,85.1
2024-03-11,85.0
2024-03-12,84.9
2024-03-13,84.7
2024-03-14,84.8
2024-03-15,84.7
2024-03-16,84.7
2024-03-17,84.7
2024-03-18,84.8
2024-03-19,84.8
2024-03-20,84.9
2024-03-21,84.7
2024-03-22,84.8
2024-03-23,84.8
2024-03-24,84.8
2024-03-25,84.8
2024-03-26,85.6
2024-03-27,85.6
2024-03-28,85.3
2024-03-29,85.9
2024-03-30,85.9
2024-03-31,85.9
2024-04-01,85.0
2024-04-02,85.0
2024-04-03,85.9
2024-04-04,86.2
2024-04-05,85.9
2024-04-06,85.9
2024-04-07,85.9
2024-04-08,85.0
2024-04-09,85.0
2024-04-10,85.0
2024-04-11,85.0
2024-04-12,85.0
2024-04-13,85.0
2024-04-14,85.0
2024-04-15,84.7
2024-04-16,82.6
2024-04-17,80.9
2024-04-18,78.5
2024-04-19,77.4
2024-04-20,77.4
2024-04-21,77.4
2024-04-22,69.9
2024-04-23,68.7
2024-04-24,66.0
2024-04-25,64.7
2024-04-26,63.4
2024-04-27,63.4
2024-04-28,63.4
2024-04-29,58.4
2024-04-30,57.2
2024-05-01,57.2
2024-05-02,54.6
2024-05-03,52.5
2024-05-04,51.4
2024-05-05,51.4
2024-05-06,62.1
2024-05-07,65.9
2024-05-08,68.5
2024-05-09,68.9
2024-05-10,68.6
2024-05-11,68.6
2024-05-12,68.6
2024-05-13,68.2
2024-05-14,71.2
2024-05-15,71.2
2024-05-16,70.8
2024-05-17,70.4
2024-05-18,70.4
2024-05-19,70.4
2024-05-20,67.3
2024-05-21,66.0
2024-05-22,64.6
2024-05-23,62.3
2024-05-24,60.8
2024-05-25,59.7
2024-05-26,57.8
2024-05-27,57.1
2024-05-28,55.6
2024-05-29,54.0
2024-05-30,52.7
2024-05-31,51.3
2024-06-01,49.6
2024-06-02,49.6
2024-06-03,46.1
2024-06-04,45.8
2024-06-05,44.8
2024-06-06,43.9
2024-06-07,42.8
2024-06-08,41.7
2024-06-09,41.7
2024-06-10,40.4
2024-06-11,39.6
2024-06-12,39.1
2024-06-13,38.2
2024-06-14,37.4
2024-06-15,36.3
2024-06-16,36.3
2024-06-17,35.0
2024-06-18,34.2
2024-06-19,33.6
2024-06-20,32.8
2024-06-21,32.1
2024-06-22,32.1
2024-06-23,32.1
2024-06-24,33.3
2024-06-25,33.0
2024-06-26,32.5
2024-06-27,31.9
2024-06-28,31.4
2024-06-29,31.4
2024-06-30,39.6
2024-07-01,72.7
2024-07-02,75.9
2024-07-03,79.0
2024-07-04,83.9
2024-07-05,84.7
2024-07-06,83.7
2024-07-07,83.7
2024-07-08,80.2
2024-07-09,79.1
2024-07-10,85.2
2024-07-11,85.4
2024-07-12,87.1
2024-07-13,87.1
2024-07-14,84.7
2024-07-15,84.0
2024-07-16,82.3
2024-07-17,85.1
2024-07-18,84.7
2024-07-19,85.4
2024-07-20,90.8
2024-07-21,87.2
2024-07-22,85.3
2024-07-23,84.7
2024-07-24,84.1
2024-07-25,82.6
2024-07-26,80.4
2024-07-27,80.4
2024-07-28,80.4
2024-07-29,75.7
2024-07-30,73.4
2024-07-31,72.5
2024-08-01,70.9
2024-08-02,69.4
2024-08-03,69.4
2024-08-04,69.4
2024-08-05,64.4
2024-08-06,63.2
2024-08-07,61.6
2024-08-08,59.9
2024-08-09,58.2
2024-08-10,58.2
2024-08-11,58.2
2024-08-12,53.1
2024-08-13,51.3
2024-08-14,48.9
2024-08-15,47.1
2024-08-16,46.2
2024-08-17,43.7
2024-08-18,43.7
2024-08-19,41.2
2024-08-20,39.6
2024-08-21,38.8
2024-08-22,38.1
2024-08-23,39.0
2024-08-24,39.0
2024-08-25,37.1
2024-08-26,35.7
2024-08-27,35.2
2024-08-28,34.8
2024-08-29,34.4
2024-08-30,33.9
2024-08-31,33.9
2024-09-01,33.9
2024-09-02,32.9
2024-09-03,32.7
2024-09-04,32.5
2024-09-05,32.3
2024-09-06,32.3
2024-09-07,32.3
2024-09-08,32.3
2024-09-09,33.2
2024-09-10,33.2
2024-09-11,33.4
2024-09-12,33.7
2024-09-13,33.8
2024-09-14,33.8
2024-09-15,33.8
2024-09-16,33.8
2024-09-17,33.8
2024-09-18,33.8
2024-09-19,33.7
2024-09-20,33.7
2024-09-21,55.2
2024-09-22,55.2
2024-09-23,85.4
2024-09-24,85.0
2024-09-25,84.4
2024-09-26,84.7
2024-09-27,84.7
2024-09-28,84.7
2024-09-29,84.7
2024-09-30,84.3
2024-10-01,84.3
2024-10-02,80.0
2024-10-03,80.0
2024-10-04,77.0
2024-10-05,77.0
2024-10-06,77.0
2024-10-07,75.2
2024-10-08,74.8
2024-10-09,74.8
2024-10-10,74.0
2024-10-11,73.5
2024-10-12,73.5
2024-10-13,73.5
2024-10-14,72.3
2024-10-15,73.2
2024-10-16,73.4
2024-10-17,73.6
2024-10-18,73.6
2024-10-19,73.6
2024-10-20,73.6
2024-10-21,73.8
2024-10-22,77.5
2024-10-23,82.8
