날짜,저수율
2014-01-01,70.0
2014-01-02,70.0
2014-01-03,70.0
2014-01-04,70.0
2014-01-05,69.5
2014-01-06,68.2
2014-01-07,66.8
2014-01-08,65.5
2014-01-09,65.0
2014-01-10,65.0
2014-01-11,65.0
2014-01-12,65.0
2014-01-13,65.0
2014-01-14,65.0
2014-01-15,65.0
2014-01-16,60.5
2014-01-17,56.0
2014-01-18,56.0
2014-01-19,56.0
2014-01-20,56.0
2014-01-21,56.0
2014-01-22,56.0
2014-01-23,56.0
2014-01-24,56.0
2014-01-25,56.0
2014-01-26,56.0
2014-01-27,56.0
2014-01-28,56.0
2014-01-29,56.0
2014-01-30,56.0
2014-01-31,56.0
2014-02-01,56.0
2014-02-02,56.0
2014-02-03,56.0
2014-02-04,56.0
2014-02-05,56.0
2014-02-06,56.0
2014-02-07,56.0
2014-02-08,56.0
2014-02-09,56.0
2014-02-10,56.0
2014-02-11,56.0
2014-02-12,56.0
2014-02-13,56.0
2014-02-14,56.0
2014-02-15,56.0
2014-02-16,56.0
2014-02-17,56.0
2014-02-18,56.0
2014-02-19,56.0
2014-02-20,56.0
2014-02-21,56.0
2014-02-22,56.0
2014-02-23,56.0
2014-02-24,56.0
2014-02-25,56.0
2014-02-26,56.0
2014-02-27,56.0
2014-02-28,56.0
2014-03-01,56.0
2014-03-02,56.0
2014-03-03,56.0
2014-03-04,56.0
2014-03-05,56.0
2014-03-06,56.0
2014-03-07,56.0
2014-03-08,56.0
2014-03-09,56.0
2014-03-10,56.0
2014-03-11,56.0
2014-03-12,56.0
2014-03-13,56.0
2014-03-14,56.0
2014-03-15,56.0
2014-03-16,56.0
2014-03-17,56.0
2014-03-18,56.0
2014-03-19,56.0
2014-03-20,56.0
2014-03-21,56.0
2014-03-22,56.0
2014-03-23,56.0
2014-03-24,56.0
2014-03-25,56.0
2014-03-26,56.0
2014-03-27,56.0
2014-03-28,56.0
2014-03-29,56.0
2014-03-30,56.0
2014-03-31,56.0
2014-04-01,56.0
2014-04-02,56.0
2014-04-03,56.0
2014-04-04,56.0
2014-04-05,56.0
2014-04-06,56.0
2014-04-07,56.0
2014-04-08,56.0
2014-04-09,56.0
2014-04-10,56.0
2014-04-11,56.0
2014-04-12,56.0
2014-04-13,56.0
2014-04-14,56.0
2014-04-15,56.0
2014-04-16,56.0
2014-04-17,56.0
2014-04-18,56.0
2014-04-19,56.0
2014-04-20,56.0
2014-04-21,56.0
2014-04-22,56.0
2014-04-23,56.0
2014-04-24,56.0
2014-04-25,56.0
2014-04-26,56.0
2014-04-27,56.0
2014-04-28,56.0
2014-04-29,56.0
2014-04-30,56.0
2014-05-01,56.0
2014-05-02,56.0
2014-05-03,56.0
2014-05-04,56.0
2014-05-05,56.0
2014-05-06,56.0
2014-05-07,56.0
2014-05-08,56.0
2014-05-09,56.0
2014-05-10,56.0
2014-05-11,56.0
2014-05-12,56.0
2014-05-13,56.0
2014-05-14,56.0
2014-05-15,56.0
2014-05-16,56.0
2014-05-17,56.0
2014-05-18,56.0
2014-05-19,56.0
2014-05-20,56.0
2014-05-21,56.0
2014-05-22,56.0
2014-05-23,56.0
2014-05-24,56.0
2014-05-25,56.0
2014-05-26,56.0
2014-05-27,56.0
2014-05-28,56.0
2014-05-29,56.0
2014-05-30,56.0
2014-05-31,56.0
2014-06-01,56.0
2014-06-02,56.0
2014-06-03,56.0
2014-06-04,56.0
2014-06-05,56.0
2014-06-06,56.0
2014-06-07,56.0
2014-06-08,56.0
2014-06-09,56.0
2014-06-10,56.0
2014-06-11,56.0
2014-06-12,56.0
2014-06-13,56.0
2014-06-14,56.0
2014-06-15,56.0
2014-06-16,55.7
2014-06-17,55.0
2014-06-18,53.8
2014-06-19,52.5
2014-06-20,51.0
2014-06-21,48.6
2014-06-22,44.8
2014-06-23,40.3
2014-06-24,35.7
2014-06-25,31.6
2014-06-26,28.7
2014-06-27,27.6
2014-06-28,27.6
2014-06-29,27.6
2014-06-30,26.9
2014-07-01,26.1
2014-07-02,25.9
2014-07-03,25.8
2014-07-04,25.8
2014-07-05,26.0
2014-07-06,26.1
2014-07-07,26.1
2014-07-08,26.1
2014-07-09,26.1
2014-07-10,26.0
2014-07-11,26.0
2014-07-12,26.0
2014-07-13,25.9
2014-07-14,25.9
2014-07-15,26.1
2014-07-16,26.7
2014-07-17,27.7
2014-07-18,28.9
2014-07-19,31.8
2014-07-20,36.1
2014-07-21,42.1
2014-07-22,46.1
2014-07-23,46.4
2014-07-24,46.5
2014-07-25,46.6
2014-07-26,46.7
2014-07-27,46.7
2014-07-28,46.8
2014-07-29,46.8
2014-07-30,46.8
2014-07-31,46.8
2014-08-01,46.8
2014-08-02,46.8
2014-08-03,51.1
2014-08-04,56.6
2014-08-05,58.4
2014-08-06,59.5
2014-08-07,60.3
2014-08-08,60.7
2014-08-09,60.7
2014-08-10,60.7
2014-08-11,60.7
2014-08-12,60.0
2014-08-13,59.2
2014-08-14,60.1
2014-08-15,62.2
2014-08-16,65.0
2014-08-17,67.9
2014-08-18,70.1
2014-08-19,71.0
2014-08-20,71.1
2014-08-21,71.1
2014-08-22,71.2
2014-08-23,71.2
2014-08-24,71.3
2014-08-25,71.3
2014-08-26,71.3
2014-08-27,71.1
2014-08-28,70.6
2014-08-29,69.8
2014-08-30,68.8
2014-08-31,67.9
2014-09-01,66.9
2014-09-02,65.8
2014-09-03,64.7
2014-09-04,64.0
2014-09-05,63.6
2014-09-06,63.6
2014-09-07,63.6
2014-09-08,63.6
2014-09-09,63.6
2014-09-10,63.6
2014-09-11,61.4
2014-09-12,59.2
2014-09-13,59.2
2014-09-14,59.2
2014-09-15,58.2
2014-09-16,56.8
2014-09-17,56.0
2014-09-18,55.4
2014-09-19,55.2
2014-09-20,55.2
2014-09-21,55.2
2014-09-22,55.2
2014-09-23,55.2
2014-09-24,56.3
2014-09-25,57.3
2014-09-26,57.3
2014-09-27,57.3
2014-09-28,57.3
2014-09-29,56.8
2014-09-30,56.1
2014-10-01,55.6
2014-10-02,55.2
2014-10-03,55.0
2014-10-04,54.9
2014-10-05,54.7
2014-10-06,54.6
2014-10-07,54.4
2014-10-08,54.3
2014-10-09,54.2
2014-10-10,54.2
2014-10-11,54.1
2014-10-12,54.1
2014-10-13,54.1
2014-10-14,54.1
2014-10-15,54.1
2014-10-16,54.1
2014-10-17,54.1
2014-10-18,54.1
2014-10-19,54.2
2014-10-20,54.2
2014-10-21,54.2
2014-10-22,54.8
2014-10-23,55.8
2014-10-24,56.5
2014-10-25,56.6
2014-10-26,56.7
2014-10-27,56.8
2014-10-28,56.9
2014-10-29,56.9
2014-10-30,57.0
2014-10-31,57.1
2014-11-01,57.2
2014-11-02,57.7
2014-11-03,58.2
2014-11-04,58.5
2014-11-05,58.7
2014-11-06,58.8
2014-11-07,58.8
2014-11-08,58.9
2014-11-09,59.0
2014-11-10,59.1
2014-11-11,59.1
2014-11-12,59.2
2014-11-13,59.2
2014-11-14,59.2
2014-11-15,59.2
2014-11-16,59.2
2014-11-17,59.3
2014-11-18,59.4
2014-11-19,59.4
2014-11-20,59.4
2014-11-21,59.4
2014-11-22,59.5
2014-11-23,59.5
2014-11-24,59.5
2014-11-25,62.4
2014-11-26,65.8
2014-11-27,66.7
2014-11-28,67.1
2014-11-29,67.3
2014-11-30,67.4
2014-12-01,67.6
2014-12-02,68.7
2014-12-03,70.0
2014-12-04,70.6
2014-12-05,71.0
2014-12-06,71.4
2014-12-07,71.8
2014-12-08,72.0
2014-12-09,72.0
2014-12-10,72.1
2014-12-11,72.8
2014-12-12,73.5
2014-12-13,73.5
2014-12-14,73.5
2014-12-15,74.2
2014-12-16,74.9
2014-12-17,75.0
2014-12-18,75.0
2014-12-19,75.0
2014-12-20,74.9
2014-12-21,74.9
2014-12-22,76.0
2014-12-23,78.8
2014-12-24,82.8
2014-12-25,87.3
2014-12-26,91.9
2014-12-27,95.9
2014-12-28,98.8
2014-12-29,99.9
2014-12-30,100.0
2014-12-31,100.0
2015-01-01,100.0
2015-01-02,100.0
2015-01-03,100.0
2015-01-04,100.0
2015-01-05,100.0
2015-01-06,100.0
2015-01-07,100.0
2015-01-08,100.0
2015-01-09,100.0
2015-01-10,100.0
2015-01-11,100.0
2015-01-12,100.0
2015-01-13,100.0
2015-01-14,100.0
2015-01-15,100.0
2015-01-16,100.0
2015-01-17,99.9
2015-01-18,99.9
2015-01-19,99.9
2015-01-20,99.8
2015-01-21,99.7
2015-01-22,99.7
2015-01-23,99.7
2015-01-24,99.8
2015-01-25,99.8
2015-01-26,99.8
2015-01-27,99.9
2015-01-28,99.9
2015-01-29,99.9
2015-01-30,99.8
2015-01-31,99.8
2015-02-01,99.7
2015-02-02,99.7
2015-02-03,99.7
2015-02-04,99.7
2015-02-05,99.7
2015-02-06,99.6
2015-02-07,99.6
2015-02-08,99.6
2015-02-09,99.6
2015-02-10,99.5
2015-02-11,99.5
2015-02-12,99.5
2015-02-13,99.5
2015-02-14,99.5
2015-02-15,99.6
2015-02-16,99.6
2015-02-17,99.6
2015-02-18,99.7
2015-02-19,99.7
2015-02-20,99.8
2015-02-21,99.9
2015-02-22,99.9
2015-02-23,99.9
2015-02-24,99.8
2015-02-25,99.8
2015-02-26,99.8
2015-02-27,99.8
2015-02-28,99.7
2015-03-01,99.7
2015-03-02,99.7
2015-03-03,99.8
2015-03-04,99.9
2015-03-05,99.9
2015-03-06,99.9
2015-03-07,99.8
2015-03-08,99.8
2015-03-09,99.7
2015-03-10,99.6
2015-03-11,99.6
2015-03-12,99.6
2015-03-13,99.7
2015-03-14,99.8
2015-03-15,99.9
2015-03-16,100.0
2015-03-17,100.0
2015-03-18,100.0
2015-03-19,100.0
2015-03-20,100.0
2015-03-21,100.0
2015-03-22,100.0
2015-03-23,100.0
2015-03-24,100.0
2015-03-25,100.0
2015-03-26,100.0
2015-03-27,100.0
2015-03-28,100.0
2015-03-29,100.0
2015-03-30,100.0
2015-03-31,100.0
2015-04-01,100.0
2015-04-02,100.0
2015-04-03,100.0
2015-04-04,100.0
2015-04-05,100.0
2015-04-06,100.0
2015-04-07,100.0
2015-04-08,100.0
2015-04-09,100.0
2015-04-10,100.0
2015-04-11,100.0
2015-04-12,100.0
2015-04-13,100.0
2015-04-14,100.0
2015-04-15,100.0
2015-04-16,100.0
2015-04-17,100.0
2015-04-18,100.0
2015-04-19,100.0
2015-04-20,100.0
2015-04-21,99.9
2015-04-22,99.9
2015-04-23,99.7
2015-04-24,99.6
2015-04-25,99.6
2015-04-26,99.7
2015-04-27,99.9
2015-04-28,100.0
2015-04-29,100.0
2015-04-30,100.0
2015-05-01,100.0
2015-05-02,100.0
2015-05-03,99.9
2015-05-04,99.9
2015-05-05,99.8
2015-05-06,99.7
2015-05-07,99.7
2015-05-08,99.6
2015-05-09,99.5
2015-05-10,99.4
2015-05-11,99.4
2015-05-12,99.2
2015-05-13,99.1
2015-05-14,98.9
2015-05-15,98.7
2015-05-16,98.5
2015-05-17,98.2
2015-05-18,97.9
2015-05-19,96.9
2015-05-20,95.6
2015-05-21,94.8
2015-05-22,94.2
2015-05-23,93.7
2015-05-24,93.3
2015-05-25,92.7
2015-05-26,92.0
2015-05-27,89.9
2015-05-28,87.9
2015-05-29,87.3
2015-05-30,86.8
2015-05-31,85.5
2015-06-01,84.1
2015-06-02,83.1
2015-06-03,82.1
2015-06-04,81.1
2015-06-05,80.1
2015-06-06,78.9
2015-06-07,77.6
2015-06-08,76.3
2015-06-09,75.0
2015-06-10,74.0
2015-06-11,73.1
2015-06-12,72.5
2015-06-13,71.8
2015-06-14,70.7
2015-06-15,69.6
2015-06-16,69.1
2015-06-17,68.6
2015-06-18,67.3
2015-06-19,66.4
2015-06-20,66.4
2015-06-21,66.4
2015-06-22,65.5
2015-06-23,64.1
2015-06-24,63.2
2015-06-25,62.5
2015-06-26,61.8
2015-06-27,61.2
2015-06-28,60.5
2015-06-29,59.8
2015-06-30,59.1
2015-07-01,58.4
2015-07-02,57.7
2015-07-03,56.9
2015-07-04,55.9
2015-07-05,54.9
2015-07-06,54.4
2015-07-07,54.6
2015-07-08,54.9
2015-07-09,55.4
2015-07-10,55.8
2015-07-11,56.0
2015-07-12,56.4
2015-07-13,63.0
2015-07-14,69.4
2015-07-15,69.3
2015-07-16,69.0
2015-07-17,68.5
2015-07-18,67.9
2015-07-19,67.2
2015-07-20,66.5
2015-07-21,65.5
2015-07-22,64.5
2015-07-23,63.7
2015-07-24,62.9
2015-07-25,61.9
2015-07-26,60.9
2015-07-27,60.1
2015-07-28,59.3
2015-07-29,58.5
2015-07-30,57.6
2015-07-31,56.7
2015-08-01,55.8
2015-08-02,54.9
2015-08-03,53.9
2015-08-04,52.9
2015-08-05,51.9
2015-08-06,50.9
2015-08-07,49.9
2015-08-08,48.8
2015-08-09,47.8
2015-08-10,46.9
2015-08-11,46.3
2015-08-12,45.8
2015-08-13,45.0
2015-08-14,44.2
2015-08-15,43.4
2015-08-16,42.5
2015-08-17,41.7
2015-08-18,40.9
2015-08-19,40.1
2015-08-20,39.7
2015-08-21,39.6
2015-08-22,39.5
2015-08-23,39.4
2015-08-24,38.4
2015-08-25,37.2
2015-08-26,36.7
2015-08-27,36.2
2015-08-28,35.6
2015-08-29,34.9
2015-08-30,34.2
2015-08-31,33.4
2015-09-01,32.5
2015-09-02,31.6
2015-09-03,30.6
2015-09-04,29.8
2015-09-05,29.1
2015-09-06,28.5
2015-09-07,27.8
2015-09-08,26.9
2015-09-09,26.1
2015-09-10,25.7
2015-09-11,25.5
2015-09-12,25.4
2015-09-13,25.4
2015-09-14,25.3
2015-09-15,25.0
2015-09-16,24.5
2015-09-17,24.1
2015-09-18,23.7
2015-09-19,23.3
2015-09-20,22.9
2015-09-21,22.7
2015-09-22,22.7
2015-09-23,22.7
2015-09-24,22.8
2015-09-25,22.8
2015-09-26,22.8
2015-09-27,22.8
2015-09-28,22.9
2015-09-29,22.9
2015-09-30,23.0
2015-10-01,24.6
2015-10-02,26.6
2015-10-03,27.3
2015-10-04,27.8
2015-10-05,28.0
2015-10-06,28.1
2015-10-07,28.1
2015-10-08,28.2
2015-10-09,28.3
2015-10-10,28.4
2015-10-11,28.5
2015-10-12,28.5
2015-10-13,28.5
2015-10-14,28.5
2015-10-15,28.5
2015-10-16,28.6
2015-10-17,28.7
2015-10-18,28.7
2015-10-19,28.8
2015-10-20,28.8
2015-10-21,28.8
2015-10-22,28.8
2015-10-23,28.8
2015-10-24,28.8
2015-10-25,28.8
2015-10-26,28.9
2015-10-27,29.2
2015-10-28,29.3
2015-10-29,29.3
2015-10-30,29.4
2015-10-31,29.4
2015-11-01,29.4
2015-11-02,29.4
2015-11-03,29.4
2015-11-04,29.4
2015-11-05,29.4
2015-11-06,29.4
2015-11-07,29.4
2015-11-08,29.4
2015-11-09,29.9
2015-11-10,30.5
2015-11-11,30.6
2015-11-12,30.6
2015-11-13,30.7
2015-11-14,31.0
2015-11-15,31.6
2015-11-16,32.5
2015-11-17,33.5
2015-11-18,34.5
2015-11-19,35.9
2015-11-20,37.2
2015-11-21,38.0
2015-11-22,38.6
2015-11-23,38.9
2015-11-24,39.2
2015-11-25,39.6
2015-11-26,40.0
2015-11-27,40.6
2015-11-28,41.3
2015-11-29,42.3
2015-11-30,43.4
2015-12-01,44.5
2015-12-02,45.5
2015-12-03,46.4
2015-12-04,47.3
2015-12-05,48.2
2015-12-06,48.9
2015-12-07,49.6
2015-12-08,50.1
2015-12-09,50.4
2015-12-10,50.7
2015-12-11,52.4
2015-12-12,54.6
2015-12-13,55.8
2015-12-14,56.7
2015-12-15,57.4
2015-12-16,58.0
2015-12-17,58.7
2015-12-18,59.1
2015-12-19,59.2
2015-12-20,59.3
2015-12-21,59.8
2015-12-22,60.6
2015-12-23,61.2
2015-12-24,61.7
2015-12-25,62.2
2015-12-26,62.6
2015-12-27,63.0
2015-12-28,63.3
2015-12-29,63.6
2015-12-30,63.8
2015-12-31,63.9
2016-01-01,63.9
2016-01-02,64.0
2016-01-03,64.1
2016-01-04,64.1
2016-01-05,64.0
2016-01-06,63.8
2016-01-07,63.4
2016-01-08,63.0
2016-01-09,62.0
2016-01-10,60.7
2016-01-11,59.6
2016-01-12,58.5
2016-01-13,57.3
2016-01-14,56.1
2016-01-15,54.9
2016-01-16,53.8
2016-01-17,52.7
2016-01-18,52.1
2016-01-19,52.1
2016-01-20,52.2
2016-01-21,52.2
2016-01-22,52.3
2016-01-23,52.4
2016-01-24,52.6
2016-01-25,52.7
2016-01-26,52.7
2016-01-27,52.7
2016-01-28,52.9
2016-01-29,53.4
2016-01-30,55.3
2016-01-31,58.5
2016-02-01,60.8
2016-02-02,61.8
2016-02-03,62.5
2016-02-04,63.0
2016-02-05,63.4
2016-02-06,63.7
2016-02-07,63.9
2016-02-08,64.1
2016-02-09,64.2
2016-02-10,64.5
2016-02-11,64.8
2016-02-12,65.3
2016-02-13,66.1
2016-02-14,67.8
2016-02-15,69.7
2016-02-16,70.9
2016-02-17,71.8
2016-02-18,72.4
2016-02-19,72.8
2016-02-20,73.1
2016-02-21,73.3
2016-02-22,73.8
2016-02-23,74.2
2016-02-24,74.5
2016-02-25,74.7
2016-02-26,74.8
2016-02-27,74.9
2016-02-28,75.2
2016-02-29,75.5
2016-03-01,75.7
2016-03-02,75.9
2016-03-03,76.0
2016-03-04,76.1
2016-03-05,77.4
2016-03-06,79.5
2016-03-07,81.6
2016-03-08,82.9
2016-03-09,82.9
2016-03-10,82.8
2016-03-11,82.7
2016-03-12,82.5
2016-03-13,82.0
2016-03-14,80.6
2016-03-15,78.9
2016-03-16,78.1
2016-03-17,77.3
2016-03-18,76.2
2016-03-19,75.0
2016-03-20,73.9
2016-03-21,73.3
2016-03-22,73.3
2016-03-23,73.4
2016-03-24,73.4
2016-03-25,73.5
2016-03-26,73.6
2016-03-27,73.7
2016-03-28,73.8
2016-03-29,73.9
2016-03-30,74.0
2016-03-31,74.0
2016-04-01,73.5
2016-04-02,72.5
2016-04-03,71.4
2016-04-04,70.8
2016-04-05,70.6
2016-04-06,70.5
2016-04-07,70.2
2016-04-08,69.9
2016-04-09,69.7
2016-04-10,69.5
2016-04-11,69.2
2016-04-12,68.9
2016-04-13,67.9
2016-04-14,67.2
2016-04-15,67.8
2016-04-16,69.3
2016-04-17,70.8
2016-04-18,71.8
2016-04-19,72.1
2016-04-20,72.4
2016-04-21,73.4
2016-04-22,74.2
2016-04-23,74.3
2016-04-24,74.3
2016-04-25,74.3
2016-04-26,74.3
2016-04-27,74.4
2016-04-28,78.3
2016-04-29,82.3
2016-04-30,82.4
2016-05-01,82.5
2016-05-02,82.6
2016-05-03,86.1
2016-05-04,90.1
2016-05-05,91.2
2016-05-06,91.7
2016-05-07,91.2
2016-05-08,90.2
2016-05-09,89.3
2016-05-10,88.8
2016-05-11,88.4
2016-05-12,88.1
2016-05-13,87.8
2016-05-14,87.2
2016-05-15,86.3
2016-05-16,85.4
2016-05-17,84.5
2016-05-18,83.5
2016-05-19,82.4
2016-05-20,81.3
2016-05-21,80.2
2016-05-22,79.0
2016-05-23,78.1
2016-05-24,77.4
2016-05-25,76.8
2016-05-26,75.6
2016-05-27,74.8
2016-05-28,74.8
2016-05-29,74.8
2016-05-30,73.2
2016-05-31,70.9
2016-06-01,69.7
2016-06-02,68.6
2016-06-03,67.5
2016-06-04,66.5
2016-06-05,65.5
2016-06-06,64.5
2016-06-07,63.4
2016-06-08,62.4
2016-06-09,61.3
2016-06-10,60.2
2016-06-11,59.0
2016-06-12,57.7
2016-06-13,56.6
2016-06-14,55.6
2016-06-15,54.5
2016-06-16,53.4
2016-06-17,52.2
2016-06-18,51.0
2016-06-19,49.8
2016-06-20,48.7
2016-06-21,47.7
2016-06-22,46.9
2016-06-23,46.5
2016-06-24,46.3
2016-06-25,46.3
2016-06-26,46.3
2016-06-27,46.3
2016-06-28,46.3
2016-06-29,46.3
2016-06-30,46.3
2016-07-01,46.4
2016-07-02,51.3
2016-07-03,60.5
2016-07-04,73.0
2016-07-05,82.9
2016-07-06,85.8
2016-07-07,87.7
2016-07-08,88.7
2016-07-09,89.3
2016-07-10,89.6
2016-07-11,89.6
2016-07-12,89.6
2016-07-13,90.4
2016-07-14,91.2
2016-07-15,91.0
2016-07-16,90.4
2016-07-17,89.6
2016-07-18,88.8
2016-07-19,87.7
2016-07-20,86.5
2016-07-21,85.3
2016-07-22,84.1
2016-07-23,83.1
2016-07-24,82.0
2016-07-25,80.7
2016-07-26,79.4
2016-07-27,78.2
2016-07-28,77.0
2016-07-29,75.8
2016-07-30,74.7
2016-07-31,73.6
2016-08-01,72.4
2016-08-02,71.2
2016-08-03,70.0
2016-08-04,68.9
2016-08-05,67.7
2016-08-06,66.4
2016-08-07,65.0
2016-08-08,63.8
2016-08-09,62.8
2016-08-10,61.9
2016-08-11,61.1
2016-08-12,60.3
2016-08-13,59.3
2016-08-14,57.6
2016-08-15,55.9
2016-08-16,55.0
2016-08-17,54.1
2016-08-18,53.0
2016-08-19,51.9
2016-08-20,50.7
2016-08-21,49.6
2016-08-22,48.5
2016-08-23,47.4
2016-08-24,46.4
2016-08-25,45.4
2016-08-26,44.5
2016-08-27,43.7
2016-08-28,43.0
2016-08-29,42.2
2016-08-30,41.3
2016-08-31,40.2
2016-09-01,39.2
2016-09-02,38.2
2016-09-03,37.2
2016-09-04,36.2
2016-09-05,35.3
2016-09-06,34.5
2016-09-07,33.8
2016-09-08,33.4
2016-09-09,33.2
2016-09-10,33.0
2016-09-11,32.9
2016-09-12,32.8
2016-09-13,32.8
2016-09-14,32.7
2016-09-15,32.6
2016-09-16,36.2
2016-09-17,43.5
2016-09-18,49.1
2016-09-19,52.0
2016-09-20,53.4
2016-09-21,53.4
2016-09-22,53.4
2016-09-23,53.4
2016-09-24,53.3
2016-09-25,53.1
2016-09-26,52.9
2016-09-27,52.7
2016-09-28,52.6
2016-09-29,52.6
2016-09-30,52.6
2016-10-01,52.6
2016-10-02,52.6
2016-10-03,54.9
2016-10-04,59.8
2016-10-05,70.2
2016-10-06,79.5
2016-10-07,81.5
2016-10-08,83.4
2016-10-09,91.9
2016-10-10,99.0
2016-10-11,99.3
2016-10-12,99.5
2016-10-13,99.7
2016-10-14,99.9
2016-10-15,99.9
2016-10-16,100.0
2016-10-17,100.0
2016-10-18,100.0
2016-10-19,99.9
2016-10-20,99.8
2016-10-21,99.7
2016-10-22,99.1
2016-10-23,97.9
2016-10-24,96.7
2016-10-25,95.8
2016-10-26,94.9
2016-10-27,93.7
2016-10-28,92.6
2016-10-29,91.7
2016-10-30,90.8
2016-10-31,90.0
2016-11-01,89.3
2016-11-02,88.6
2016-11-03,87.8
2016-11-04,86.9
2016-11-05,85.9
2016-11-06,84.4
2016-11-07,82.8
2016-11-08,81.7
2016-11-09,80.7
2016-11-10,79.5
2016-11-11,78.5
2016-11-12,78.0
2016-11-13,77.6
2016-11-14,77.3
2016-11-15,77.1
2016-11-16,77.0
2016-11-17,76.9
2016-11-18,76.7
2016-11-19,76.1
2016-11-20,75.0
2016-11-21,73.9
2016-11-22,72.8
2016-11-23,71.7
2016-11-24,70.3
2016-11-25,69.5
2016-11-26,69.5
2016-11-27,69.5
2016-11-28,67.6
2016-11-29,65.0
2016-11-30,63.5
2016-12-01,62.2
2016-12-02,61.7
2016-12-03,61.7
2016-12-04,61.7
2016-12-05,59.9
2016-12-06,57.4
2016-12-07,56.0
2016-12-08,54.9
2016-12-09,53.9
2016-12-10,52.6
2016-12-11,51.4
2016-12-12,50.9
2016-12-13,50.9
2016-12-14,50.9
2016-12-15,51.0
2016-12-16,51.0
2016-12-17,51.0
2016-12-18,51.1
2016-12-19,51.1
2016-12-20,51.2
2016-12-21,51.4
2016-12-22,52.1
2016-12-23,53.1
2016-12-24,53.7
2016-12-25,54.1
2016-12-26,54.7
2016-12-27,55.5
2016-12-28,56.4
2016-12-29,57.1
2016-12-30,57.6
2016-12-31,58.0
2017-01-01,58.2
2017-01-02,58.5
2017-01-03,58.7
2017-01-04,58.9
2017-01-05,59.0
2017-01-06,59.2
2017-01-07,59.4
2017-01-08,59.5
2017-01-09,59.7
2017-01-10,59.9
2017-01-11,60.0
2017-01-12,60.2
2017-01-13,60.3
2017-01-14,60.4
2017-01-15,60.5
2017-01-16,60.6
2017-01-17,60.6
2017-01-18,60.7
2017-01-19,60.8
2017-01-20,60.9
2017-01-21,60.9
2017-01-22,60.9
2017-01-23,61.1
2017-01-24,61.4
2017-01-25,61.6
2017-01-26,61.7
2017-01-27,61.8
2017-01-28,62.0
2017-01-29,62.1
2017-01-30,62.3
2017-01-31,62.4
2017-02-01,62.6
2017-02-02,62.7
2017-02-03,62.9
2017-02-04,63.1
2017-02-05,63.3
2017-02-06,63.5
2017-02-07,63.7
2017-02-08,63.8
2017-02-09,64.0
2017-02-10,64.1
2017-02-11,64.2
2017-02-12,64.4
2017-02-13,64.5
2017-02-14,64.7
2017-02-15,64.8
2017-02-16,64.9
2017-02-17,65.0
2017-02-18,65.1
2017-02-19,65.3
2017-02-20,65.6
2017-02-21,66.0
2017-02-22,66.6
2017-02-23,67.8
2017-02-24,69.4
2017-02-25,71.0
2017-02-26,72.5
2017-02-27,73.5
2017-02-28,73.8
2017-03-01,74.0
2017-03-02,74.6
2017-03-03,75.1
2017-03-04,75.4
2017-03-05,75.6
2017-03-06,75.8
2017-03-07,76.0
2017-03-08,76.1
2017-03-09,76.3
2017-03-10,76.4
2017-03-11,76.5
2017-03-12,76.6
2017-03-13,76.7
2017-03-14,76.8
2017-03-15,76.9
2017-03-16,77.0
2017-03-17,77.0
2017-03-18,77.0
2017-03-19,77.0
2017-03-20,77.0
2017-03-21,77.0
2017-03-22,77.0
2017-03-23,76.3
2017-03-24,75.3
2017-03-25,74.6
2017-03-26,74.0
2017-03-27,73.3
2017-03-28,72.6
2017-03-29,71.9
2017-03-30,71.4
2017-03-31,71.0
2017-04-01,70.5
2017-04-02,70.1
2017-04-03,69.9
2017-04-04,70.0
2017-04-05,70.2
2017-04-06,70.4
2017-04-07,70.5
2017-04-08,70.5
2017-04-09,70.4
2017-04-10,70.3
2017-04-11,70.3
2017-04-12,70.3
2017-04-13,70.3
2017-04-14,70.2
2017-04-15,70.0
2017-04-16,68.3
2017-04-17,66.4
2017-04-18,65.9
2017-04-19,65.5
2017-04-20,65.0
2017-04-21,64.6
2017-04-22,63.9
2017-04-23,62.6
2017-04-24,61.2
2017-04-25,60.4
2017-04-26,59.6
2017-04-27,58.5
2017-04-28,57.7
2017-04-29,57.5
2017-04-30,57.4
2017-05-01,57.2
2017-05-02,57.0
2017-05-03,55.9
2017-05-04,55.0
2017-05-05,55.2
2017-05-06,55.5
2017-05-07,55.8
2017-05-08,56.0
2017-05-09,56.0
2017-05-10,56.0
2017-05-11,56.0
2017-05-12,56.0
2017-05-13,56.0
2017-05-14,56.0
2017-05-15,56.0
2017-05-16,56.0
2017-05-17,56.0
2017-05-18,55.2
2017-05-19,54.0
2017-05-20,53.4
2017-05-21,52.9
2017-05-22,52.0
2017-05-23,45.5
2017-05-24,39.2
2017-05-25,38.5
2017-05-26,38.2
2017-05-27,38.2
2017-05-28,38.2
2017-05-29,37.3
2017-05-30,36.4
2017-05-31,36.3
2017-06-01,36.2
2017-06-02,35.8
2017-06-03,35.4
2017-06-04,35.2
2017-06-05,35.1
2017-06-06,34.9
2017-06-07,34.6
2017-06-08,34.4
2017-06-09,34.2
2017-06-10,34.0
2017-06-11,33.7
2017-06-12,33.5
2017-06-13,33.3
2017-06-14,33.1
2017-06-15,32.8
2017-06-16,32.6
2017-06-17,32.3
2017-06-18,32.0
2017-06-19,31.6
2017-06-20,31.3
2017-06-21,31.0
2017-06-22,30.6
2017-06-23,30.2
2017-06-24,29.7
2017-06-25,29.3
2017-06-26,28.9
2017-06-27,28.6
2017-06-28,28.2
2017-06-29,27.8
2017-06-30,27.6
2017-07-01,27.6
2017-07-02,27.6
2017-07-03,27.7
2017-07-04,27.8
2017-07-05,28.7
2017-07-06,29.9
2017-07-07,30.2
2017-07-08,30.6
2017-07-09,32.5
2017-07-10,34.3
2017-07-11,34.6
2017-07-12,34.8
2017-07-13,35.1
2017-07-14,36.3
2017-07-15,38.7
2017-07-16,44.7
2017-07-17,50.6
2017-07-18,52.8
2017-07-19,53.8
2017-07-20,53.9
2017-07-21,53.9
2017-07-22,53.8
2017-07-23,53.5
2017-07-24,53.2
2017-07-25,52.8
2017-07-26,52.3
2017-07-27,51.7
2017-07-28,51.1
2017-07-29,50.8
2017-07-30,50.6
2017-07-31,50.4
2017-08-01,50.3
2017-08-02,50.1
2017-08-03,49.7
2017-08-04,49.2
2017-08-05,48.5
2017-08-06,47.8
2017-08-07,47.3
2017-08-08,46.8
2017-08-09,46.2
2017-08-10,45.7
2017-08-11,45.2
2017-08-12,44.9
2017-08-13,44.9
2017-08-14,44.9
2017-08-15,44.9
2017-08-16,45.5
2017-08-17,46.3
2017-08-18,46.4
2017-08-19,46.6
2017-08-20,47.7
2017-08-21,50.2
2017-08-22,53.4
2017-08-23,59.6
2017-08-24,65.2
2017-08-25,66.6
2017-08-26,67.7
2017-08-27,70.2
2017-08-28,72.0
2017-08-29,71.9
2017-08-30,71.8
2017-08-31,71.6
2017-09-01,71.3
2017-09-02,70.7
2017-09-03,69.7
2017-09-04,68.8
2017-09-05,68.0
2017-09-06,67.3
2017-09-07,66.6
2017-09-08,66.3
2017-09-09,68.8
2017-09-10,74.5
2017-09-11,80.1
2017-09-12,82.8
2017-09-13,82.9
2017-09-14,83.0
2017-09-15,82.7
2017-09-16,81.9
2017-09-17,81.0
2017-09-18,80.0
2017-09-19,79.0
2017-09-20,77.9
2017-09-21,77.0
2017-09-22,76.1
2017-09-23,75.0
2017-09-24,73.8
2017-09-25,72.8
2017-09-26,72.1
2017-09-27,71.5
2017-09-28,70.4
2017-09-29,69.6
2017-09-30,69.6
2017-10-01,69.6
2017-10-02,69.6
2017-10-03,69.6
2017-10-04,69.6
2017-10-05,69.6
2017-10-06,69.6
2017-10-07,69.6
2017-10-08,69.6
2017-10-09,69.6
2017-10-10,67.3
2017-10-11,64.5
2017-10-12,63.6
2017-10-13,63.2
2017-10-14,63.2
2017-10-15,63.2
2017-10-16,61.8
2017-10-17,60.0
2017-10-18,59.4
2017-10-19,59.1
2017-10-20,59.1
2017-10-21,59.1
2017-10-22,59.1
2017-10-23,59.2
2017-10-24,59.4
2017-10-25,59.5
2017-10-26,59.5
2017-10-27,59.5
2017-10-28,59.6
2017-10-29,59.6
2017-10-30,59.6
2017-10-31,59.7
2017-11-01,59.7
2017-11-02,59.7
2017-11-03,59.7
2017-11-04,59.8
2017-11-05,59.8
2017-11-06,59.8
2017-11-07,59.9
2017-11-08,59.9
2017-11-09,59.9
2017-11-10,59.9
2017-11-11,59.9
2017-11-12,59.9
2017-11-13,59.9
2017-11-14,59.8
2017-11-15,59.8
2017-11-16,59.8
2017-11-17,59.6
2017-11-18,59.5
2017-11-19,59.5
2017-11-20,59.5
2017-11-21,59.6
2017-11-22,59.6
2017-11-23,59.6
2017-11-24,59.6
2017-11-25,59.7
2017-11-26,59.7
2017-11-27,59.7
2017-11-28,59.7
2017-11-29,59.7
2017-11-30,59.8
2017-12-01,59.9
2017-12-02,59.9
2017-12-03,60.0
2017-12-04,60.0
2017-12-05,60.0
2017-12-06,60.0
2017-12-07,60.0
2017-12-08,60.0
2017-12-09,60.0
2017-12-10,60.0
2017-12-11,60.5
2017-12-12,61.1
2017-12-13,61.3
2017-12-14,61.4
2017-12-15,61.4
2017-12-16,61.4
2017-12-17,61.6
2017-12-18,61.8
2017-12-19,61.9
2017-12-20,62.0
2017-12-21,62.1
2017-12-22,62.2
2017-12-23,62.3
2017-12-24,62.5
2017-12-25,62.7
2017-12-26,62.9
2017-12-27,63.2
2017-12-28,63.4
2017-12-29,63.5
2017-12-30,63.5
2017-12-31,63.7
2018-01-01,63.9
2018-01-02,64.1
2018-01-03,64.3
2018-01-04,64.4
2018-01-05,64.4
2018-01-06,64.4
2018-01-07,64.4
2018-01-08,64.5
2018-01-09,64.7
2018-01-10,64.8
2018-01-11,64.9
2018-01-12,64.9
2018-01-13,65.0
2018-01-14,65.0
2018-01-15,65.1
2018-01-16,65.4
2018-01-17,65.7
2018-01-18,66.4
2018-01-19,66.9
2018-01-20,67.0
2018-01-21,67.0
2018-01-22,67.1
2018-01-23,67.4
2018-01-24,67.7
2018-01-25,67.7
2018-01-26,67.7
2018-01-27,67.7
2018-01-28,67.8
2018-01-29,67.8
2018-01-30,67.8
2018-01-31,67.8
2018-02-01,67.8
2018-02-02,67.8
2018-02-03,67.8
2018-02-04,67.8
2018-02-05,67.8
2018-02-06,67.8
2018-02-07,67.8
2018-02-08,67.8
2018-02-09,67.9
2018-02-10,67.9
2018-02-11,67.9
2018-02-12,67.9
2018-02-13,67.9
2018-02-14,67.9
2018-02-15,67.9
2018-02-16,67.9
2018-02-17,68.0
2018-02-18,68.0
2018-02-19,68.0
2018-02-20,68.0
2018-02-21,68.0
2018-02-22,68.0
2018-02-23,68.0
2018-02-24,68.1
2018-02-25,68.1
2018-02-26,68.2
2018-02-27,68.3
2018-02-28,68.5
2018-03-01,68.6
2018-03-02,68.8
2018-03-03,69.0
2018-03-04,69.1
2018-03-05,69.4
2018-03-06,69.8
2018-03-07,70.5
2018-03-08,72.2
2018-03-09,74.1
2018-03-10,75.3
2018-03-11,76.3
2018-03-12,77.0
2018-03-13,77.3
2018-03-14,77.7
2018-03-15,79.3
2018-03-16,80.7
2018-03-17,80.7
2018-03-18,80.7
2018-03-19,82.7
2018-03-20,85.2
2018-03-21,86.2
2018-03-22,86.7
2018-03-23,86.5
2018-03-24,86.0
2018-03-25,85.1
2018-03-26,84.1
2018-03-27,83.0
2018-03-28,81.9
2018-03-29,80.8
2018-03-30,79.8
2018-03-31,78.9
2018-04-01,78.4
2018-04-02,78.2
2018-04-03,78.3
2018-04-04,78.7
2018-04-05,79.3
2018-04-06,79.8
2018-04-07,80.4
2018-04-08,80.8
2018-04-09,80.9
2018-04-10,80.8
2018-04-11,80.6
2018-04-12,80.3
2018-04-13,80.0
2018-04-14,79.5
2018-04-15,78.8
2018-04-16,78.0
2018-04-17,77.2
2018-04-18,76.4
2018-04-19,75.9
2018-04-20,75.7
2018-04-21,75.8
2018-04-22,76.2
2018-04-23,76.9
2018-04-24,77.7
2018-04-25,81.0
2018-04-26,83.9
2018-04-27,83.9
2018-04-28,83.8
2018-04-29,83.7
2018-04-30,83.6
2018-05-01,83.4
2018-05-02,83.2
2018-05-03,82.9
2018-05-04,82.6
2018-05-05,82.2
2018-05-06,81.8
2018-05-07,81.3
2018-05-08,80.7
2018-05-09,80.0
2018-05-10,76.2
2018-05-11,72.7
2018-05-12,72.7
2018-05-13,72.7
2018-05-14,72.1
2018-05-15,71.1
2018-05-16,70.4
2018-05-17,69.6
2018-05-18,68.9
2018-05-19,68.1
2018-05-20,67.3
2018-05-21,66.6
2018-05-22,66.0
2018-05-23,65.5
2018-05-24,64.9
2018-05-25,64.2
2018-05-26,63.5
2018-05-27,62.8
2018-05-28,62.1
2018-05-29,61.3
2018-05-30,60.6
2018-05-31,60.0
2018-06-01,59.5
2018-06-02,58.7
2018-06-03,57.9
2018-06-04,57.2
2018-06-05,56.8
2018-06-06,56.4
2018-06-07,55.4
2018-06-08,54.2
2018-06-09,53.2
2018-06-10,52.3
2018-06-11,51.7
2018-06-12,51.5
2018-06-13,51.3
2018-06-14,50.3
2018-06-15,48.9
2018-06-16,48.0
2018-06-17,47.2
2018-06-18,46.5
2018-06-19,45.8
2018-06-20,45.2
2018-06-21,44.8
2018-06-22,44.6
2018-06-23,44.6
2018-06-24,44.6
2018-06-25,44.6
2018-06-26,44.6
2018-06-27,44.6
2018-06-28,48.4
2018-06-29,52.1
2018-06-30,52.1
2018-07-01,52.1
2018-07-02,64.6
2018-07-03,77.1
2018-07-04,77.0
2018-07-05,76.6
2018-07-06,76.1
2018-07-07,75.5
2018-07-08,74.8
2018-07-09,74.1
2018-07-10,73.2
2018-07-11,72.1
2018-07-12,71.2
2018-07-13,70.7
2018-07-14,70.2
2018-07-15,69.1
2018-07-16,67.8
2018-07-17,66.9
2018-07-18,66.0
2018-07-19,65.1
2018-07-20,64.2
2018-07-21,63.5
2018-07-22,62.8
2018-07-23,62.1
2018-07-24,61.3
2018-07-25,60.5
2018-07-26,59.7
2018-07-27,59.0
2018-07-28,58.3
2018-07-29,57.5
2018-07-30,56.8
2018-07-31,56.0
2018-08-01,55.2
2018-08-02,54.1
2018-08-03,53.5
2018-08-04,53.5
2018-08-05,53.5
2018-08-06,52.3
2018-08-07,50.5
2018-08-08,49.7
2018-08-09,49.0
2018-08-10,48.4
2018-08-11,47.8
2018-08-12,47.0
2018-08-13,46.3
2018-08-14,46.1
2018-08-15,45.8
2018-08-16,44.9
2018-08-17,43.8
2018-08-18,43.0
2018-08-19,42.2
2018-08-20,41.6
2018-08-21,41.0
2018-08-22,40.7
2018-08-23,41.1
2018-08-24,42.3
2018-08-25,44.3
2018-08-26,47.3
2018-08-27,51.1
2018-08-28,74.3
2018-08-29,96.0
2018-08-30,96.9
2018-08-31,97.5
2018-09-01,98.5
2018-09-02,99.5
2018-09-03,100.0
2018-09-04,100.0
2018-09-05,100.0
2018-09-06,100.0
2018-09-07,100.0
2018-09-08,100.0
2018-09-09,100.0
2018-09-10,100.0
2018-09-11,98.8
2018-09-12,97.0
2018-09-13,95.7
2018-09-14,94.5
2018-09-15,93.5
2018-09-16,92.5
2018-09-17,91.5
2018-09-18,90.4
2018-09-19,89.4
2018-09-20,88.3
2018-09-21,87.6
2018-09-22,87.6
2018-09-23,87.6
2018-09-24,87.6
2018-09-25,87.6
2018-09-26,87.6
2018-09-27,84.9
2018-09-28,81.3
2018-09-29,79.9
2018-09-30,78.8
2018-10-01,78.0
2018-10-02,77.5
2018-10-03,76.9
2018-10-04,75.5
2018-10-05,74.4
2018-10-06,77.7
2018-10-07,83.7
2018-10-08,87.0
2018-10-09,86.9
2018-10-10,86.6
2018-10-11,86.3
2018-10-12,85.9
2018-10-13,85.2
2018-10-14,84.4
2018-10-15,84.0
2018-10-16,84.0
2018-10-17,84.0
2018-10-18,84.0
2018-10-19,84.0
2018-10-20,84.1
2018-10-21,84.1
2018-10-22,84.1
2018-10-23,84.2
2018-10-24,84.3
2018-10-25,84.3
2018-10-26,84.3
2018-10-27,84.3
2018-10-28,84.3
2018-10-29,84.5
2018-10-30,84.8
2018-10-31,84.9
2018-11-01,84.9
2018-11-02,84.9
2018-11-03,84.9
2018-11-04,84.9
2018-11-05,83.8
2018-11-06,82.3
2018-11-07,81.5
2018-11-08,81.0
2018-11-09,81.0
2018-11-10,80.9
2018-11-11,80.9
2018-11-12,80.1
2018-11-13,78.9
2018-11-14,78.3
2018-11-15,77.8
2018-11-16,77.4
2018-11-17,76.8
2018-11-18,75.9
2018-11-19,74.9
2018-11-20,74.2
2018-11-21,73.7
2018-11-22,73.2
2018-11-23,72.9
2018-11-24,72.5
2018-11-25,71.7
2018-11-26,70.8
2018-11-27,70.3
2018-11-28,70.1
2018-11-29,70.1
2018-11-30,70.1
2018-12-01,70.1
2018-12-02,70.1
2018-12-03,70.2
2018-12-04,70.2
2018-12-05,70.6
2018-12-06,71.1
2018-12-07,71.5
2018-12-08,71.9
2018-12-09,72.3
2018-12-10,72.6
2018-12-11,72.9
2018-12-12,73.1
2018-12-13,73.2
2018-12-14,73.3
2018-12-15,73.3
2018-12-16,73.4
2018-12-17,73.4
2018-12-18,73.4
2018-12-19,73.5
2018-12-20,73.5
2018-12-21,73.6
2018-12-22,73.7
2018-12-23,73.8
2018-12-24,73.9
2018-12-25,74.0
2018-12-26,74.0
2018-12-27,74.0
2018-12-28,74.0
2018-12-29,74.1
2018-12-30,74.1
2018-12-31,74.1
2019-01-01,74.1
2019-01-02,74.1
2019-01-03,74.2
2019-01-04,74.2
2019-01-05,74.2
2019-01-06,74.2
2019-01-07,74.3
2019-01-08,74.3
2019-01-09,74.3
2019-01-10,74.3
2019-01-11,74.3
2019-01-12,74.4
2019-01-13,74.4
2019-01-14,74.4
2019-01-15,74.4
2019-01-16,74.4
2019-01-17,74.4
2019-01-18,74.5
2019-01-19,74.5
2019-01-20,74.5
2019-01-21,74.5
2019-01-22,74.5
2019-01-23,74.5
2019-01-24,74.5
2019-01-25,74.6
2019-01-26,74.6
2019-01-27,74.6
2019-01-28,74.6
2019-01-29,74.7
2019-01-30,74.7
2019-01-31,74.8
2019-02-01,74.9
2019-02-02,75.2
2019-02-03,75.7
2019-02-04,76.4
2019-02-05,77.0
2019-02-06,77.6
2019-02-07,77.9
2019-02-08,78.1
2019-02-09,78.2
2019-02-10,78.5
2019-02-11,78.7
2019-02-12,78.9
2019-02-13,79.0
2019-02-14,79.1
2019-02-15,79.2
2019-02-16,79.2
2019-02-17,79.2
2019-02-18,79.3
2019-02-19,79.5
2019-02-20,79.7
2019-02-21,80.2
2019-02-22,80.7
2019-02-23,81.0
2019-02-24,81.3
2019-02-25,81.5
2019-02-26,81.7
2019-02-27,81.8
2019-02-28,81.9
2019-03-01,82.0
2019-03-02,82.0
2019-03-03,82.0
2019-03-04,82.3
2019-03-05,82.6
2019-03-06,82.7
2019-03-07,82.8
2019-03-08,82.8
2019-03-09,82.8
2019-03-10,82.8
2019-03-11,83.1
2019-03-12,83.4
2019-03-13,83.3
2019-03-14,83.1
2019-03-15,82.9
2019-03-16,82.5
2019-03-17,82.1
2019-03-18,81.7
2019-03-19,81.0
2019-03-20,80.5
2019-03-21,80.5
2019-03-22,80.5
2019-03-23,80.5
2019-03-24,80.5
2019-03-25,79.7
2019-03-26,78.7
2019-03-27,78.2
2019-03-28,78.0
2019-03-29,78.0
2019-03-30,78.0
2019-03-31,78.0
2019-04-01,78.0
2019-04-02,78.1
2019-04-03,78.1
2019-04-04,78.1
2019-04-05,78.1
2019-04-06,78.2
2019-04-07,78.3
2019-04-08,78.5
2019-04-09,79.1
2019-04-10,80.1
2019-04-11,82.2
2019-04-12,83.7
2019-04-13,83.7
2019-04-14,83.7
2019-04-15,83.7
2019-04-16,83.7
2019-04-17,83.4
2019-04-18,82.8
2019-04-19,82.1
2019-04-20,81.5
2019-04-21,80.8
2019-04-22,80.1
2019-04-23,79.3
2019-04-24,78.5
2019-04-25,77.6
2019-04-26,77.0
2019-04-27,76.9
2019-04-28,76.9
2019-04-29,76.8
2019-04-30,76.5
2019-05-01,76.3
2019-05-02,76.3
2019-05-03,76.3
2019-05-04,76.3
2019-05-05,76.3
2019-05-06,76.3
2019-05-07,75.0
2019-05-08,73.4
2019-05-09,73.1
2019-05-10,72.8
2019-05-11,72.2
2019-05-12,71.5
2019-05-13,70.7
2019-05-14,69.8
2019-05-15,69.1
2019-05-16,68.8
2019-05-17,68.6
2019-05-18,68.4
2019-05-19,68.2
2019-05-20,68.0
2019-05-21,67.7
2019-05-22,67.2
2019-05-23,66.3
2019-05-24,65.6
2019-05-25,65.7
2019-05-26,65.9
2019-05-27,66.2
2019-05-28,66.4
2019-05-29,66.5
2019-05-30,66.5
2019-05-31,66.3
2019-06-01,66.1
2019-06-02,65.8
2019-06-03,65.4
2019-06-04,64.1
2019-06-05,62.9
2019-06-06,62.9
2019-06-07,62.8
2019-06-08,62.8
2019-06-09,62.3
2019-06-10,61.5
2019-06-11,60.5
2019-06-12,59.7
2019-06-13,59.2
2019-06-14,58.9
2019-06-15,58.9
2019-06-16,58.9
2019-06-17,58.9
2019-06-18,58.9
2019-06-19,57.8
2019-06-20,56.3
2019-06-21,55.4
2019-06-22,54.6
2019-06-23,54.3
2019-06-24,55.6
2019-06-25,58.6
2019-06-26,61.5
2019-06-27,62.8
2019-06-28,60.8
2019-06-29,57.1
2019-06-30,55.1
2019-07-01,55.0
2019-07-02,55.0
2019-07-03,54.9
2019-07-04,54.6
2019-07-05,53.8
2019-07-06,53.2
2019-07-07,53.2
2019-07-08,53.3
2019-07-09,53.4
2019-07-10,53.5
2019-07-11,53.6
2019-07-12,53.7
2019-07-13,53.8
2019-07-14,53.8
2019-07-15,53.9
2019-07-16,61.8
2019-07-17,70.7
2019-07-18,72.0
2019-07-19,73.3
2019-07-20,81.2
2019-07-21,93.6
2019-07-22,100.0
2019-07-23,100.0
2019-07-24,100.0
2019-07-25,100.0
2019-07-26,100.0
2019-07-27,100.0
2019-07-28,100.0
2019-07-29,100.0
2019-07-30,100.0
2019-07-31,100.0
2019-08-01,100.0
2019-08-02,100.0
2019-08-03,100.0
2019-08-04,100.0
2019-08-05,100.0
2019-08-06,96.7
2019-08-07,92.5
2019-08-08,91.1
2019-08-09,90.1
2019-08-10,89.1
2019-08-11,88.2
2019-08-12,87.2
2019-08-13,86.1
2019-08-14,85.1
2019-08-15,84.1
2019-08-16,83.5
2019-08-17,83.5
2019-08-18,83.5
2019-08-19,83.5
2019-08-20,83.5
2019-08-21,83.5
2019-08-22,90.2
2019-08-23,96.9
2019-08-24,96.9
2019-08-25,96.8
2019-08-26,96.7
2019-08-27,96.6
2019-08-28,96.4
2019-08-29,89.6
2019-08-30,83.0
2019-08-31,83.0
2019-09-01,83.1
2019-09-02,83.2
2019-09-03,83.3
2019-09-04,83.5
2019-09-05,83.6
2019-09-06,83.7
2019-09-07,83.8
2019-09-08,84.0
2019-09-09,86.0
2019-09-10,88.1
2019-09-11,88.5
2019-09-12,88.6
2019-09-13,88.6
2019-09-14,88.6
2019-09-15,88.6
2019-09-16,86.3
2019-09-17,82.5
2019-09-18,78.9
2019-09-19,76.8
2019-09-20,76.8
2019-09-21,76.9
2019-09-22,76.9
2019-09-23,77.0
2019-09-24,77.0
2019-09-25,77.0
2019-09-26,77.0
2019-09-27,77.0
2019-09-28,77.0
2019-09-29,77.0
2019-09-30,77.0
2019-10-01,77.0
2019-10-02,86.6
2019-10-03,96.1
2019-10-04,96.1
2019-10-05,96.1
2019-10-06,96.1
2019-10-07,96.1
2019-10-08,96.0
2019-10-09,95.7
2019-10-10,94.8
2019-10-11,93.5
2019-10-12,92.5
2019-10-13,91.6
2019-10-14,90.6
2019-10-15,89.6
2019-10-16,88.6
2019-10-17,87.5
2019-10-18,86.3
2019-10-19,85.2
2019-10-20,84.2
2019-10-21,83.2
2019-10-22,82.2
2019-10-23,81.0
2019-10-24,80.0
2019-10-25,79.4
2019-10-26,79.1
2019-10-27,79.0
2019-10-28,78.9
2019-10-29,78.8
2019-10-30,78.7
2019-10-31,78.5
2019-11-01,78.3
2019-11-02,77.6
2019-11-03,76.3
2019-11-04,75.0
2019-11-05,73.9
2019-11-06,72.9
2019-11-07,71.9
2019-11-08,70.8
2019-11-09,69.7
2019-11-10,68.7
2019-11-11,67.6
2019-11-12,66.5
2019-11-13,65.3
2019-11-14,64.1
2019-11-15,63.0
2019-11-16,61.8
2019-11-17,60.7
2019-11-18,60.2
2019-11-19,60.2
2019-11-20,60.2
2019-11-21,60.2
2019-11-22,60.2
2019-11-23,60.3
2019-11-24,60.3
2019-11-25,60.3
2019-11-26,60.3
2019-11-27,60.4
2019-11-28,60.5
2019-11-29,60.5
2019-11-30,60.5
2019-12-01,60.5
2019-12-02,60.8
2019-12-03,61.2
2019-12-04,61.3
2019-12-05,61.3
2019-12-06,61.3
2019-12-07,61.4
2019-12-08,61.4
2019-12-09,61.5
2019-12-10,61.6
2019-12-11,61.7
2019-12-12,61.8
2019-12-13,61.8
2019-12-14,61.8
2019-12-15,61.8
2019-12-16,61.8
2019-12-17,61.9
2019-12-18,62.0
2019-12-19,62.1
2019-12-20,62.1
2019-12-21,62.1
2019-12-22,62.1
2019-12-23,62.2
2019-12-24,62.3
2019-12-25,62.3
2019-12-26,62.4
2019-12-27,62.4
2019-12-28,62.4
2019-12-29,62.4
2019-12-30,62.4
2019-12-31,62.4
2020-01-01,62.8
2020-01-02,62.8
2020-01-03,62.8
2020-01-04,62.8
2020-01-05,62.9
2020-01-06,62.9
2020-01-07,64.8
2020-01-08,67.2
2020-01-09,69.5
2020-01-10,71.1
2020-01-11,71.8
2020-01-12,72.3
2020-01-13,72.6
2020-01-14,72.8
2020-01-15,73.0
2020-01-16,73.1
2020-01-17,73.3
2020-01-18,73.4
2020-01-19,73.5
2020-01-20,73.6
2020-01-21,73.8
2020-01-22,74.0
2020-01-23,74.1
2020-01-24,74.1
2020-01-25,74.1
2020-01-26,74.1
2020-01-27,74.6
2020-01-28,75.4
2020-01-29,76.0
2020-01-30,76.3
2020-01-31,76.7
2020-02-01,77.1
2020-02-02,77.6
2020-02-03,77.9
2020-02-04,78.1
2020-02-05,78.2
2020-02-06,78.4
2020-02-07,78.4
2020-02-08,78.5
2020-02-09,78.6
2020-02-10,78.8
2020-02-11,78.9
2020-02-12,79.4
2020-02-13,79.6
2020-02-14,79.8
2020-02-15,80.0
2020-02-16,80.7
2020-02-17,82.2
2020-02-18,83.0
2020-02-19,83.8
2020-02-20,84.4
2020-02-21,85.2
2020-02-22,86.1
2020-02-23,87.2
2020-02-24,89.1
2020-02-25,90.1
2020-02-26,91.1
2020-02-27,91.9
2020-02-28,92.3
2020-02-29,92.7
2020-03-01,93.7
2020-03-02,94.7
2020-03-03,95.1
2020-03-04,95.5
2020-03-05,95.7
2020-03-06,95.8
2020-03-07,95.9
2020-03-08,95.9
2020-03-09,95.9
2020-03-10,95.9
2020-03-11,95.9
2020-03-12,95.5
2020-03-13,94.8
2020-03-14,94.2
2020-03-15,93.4
2020-03-16,93.1
2020-03-17,93.0
2020-03-18,93.0
2020-03-19,92.9
2020-03-20,92.9
2020-03-21,92.9
2020-03-22,92.8
2020-03-23,92.8
2020-03-24,92.6
2020-03-25,91.9
2020-03-26,90.7
2020-03-27,90.1
2020-03-28,90.2
2020-03-29,90.2
2020-03-30,90.2
2020-03-31,90.3
2020-04-01,90.4
2020-04-02,90.4
2020-04-03,90.5
2020-04-04,90.6
2020-04-05,90.7
2020-04-06,90.8
2020-04-07,90.9
2020-04-08,90.9
2020-04-09,91.0
2020-04-10,91.0
2020-04-11,91.1
2020-04-12,91.1
2020-04-13,90.8
2020-04-14,90.1
2020-04-15,89.2
2020-04-16,88.5
2020-04-17,88.5
2020-04-18,88.5
2020-04-19,89.3
2020-04-20,90.6
2020-04-21,91.8
2020-04-22,92.9
2020-04-23,93.4
2020-04-24,93.4
2020-04-25,93.4
2020-04-26,92.7
2020-04-27,91.6
2020-04-28,90.4
2020-04-29,89.8
2020-04-30,89.8
2020-05-01,89.8
2020-05-02,89.8
2020-05-03,88.3
2020-05-04,85.4
2020-05-05,84.4
2020-05-06,83.7
2020-05-07,82.8
2020-05-08,81.9
2020-05-09,81.1
2020-05-10,81.1
2020-05-11,81.0
2020-05-12,80.8
2020-05-13,80.6
2020-05-14,79.9
2020-05-15,78.9
2020-05-16,78.3
2020-05-17,77.8
2020-05-18,77.4
2020-05-19,77.0
2020-05-20,76.6
2020-05-21,76.3
2020-05-22,75.9
2020-05-23,75.6
2020-05-24,75.1
2020-05-25,74.8
2020-05-26,74.4
2020-05-27,74.0
2020-05-28,73.5
2020-05-29,73.0
2020-05-30,72.6
2020-05-31,72.2
2020-06-01,71.7
2020-06-02,71.0
2020-06-03,70.4
2020-06-04,69.9
2020-06-05,69.5
2020-06-06,68.9
2020-06-07,68.3
2020-06-08,67.7
2020-06-09,66.8
2020-06-10,66.2
2020-06-11,66.2
2020-06-12,66.2
2020-06-13,67.0
2020-06-14,68.5
2020-06-15,70.5
2020-06-16,72.2
2020-06-17,72.9
2020-06-18,73.4
2020-06-19,73.6
2020-06-20,73.6
2020-06-21,73.6
2020-06-22,73.6
2020-06-23,73.2
2020-06-24,72.6
2020-06-25,71.9
2020-06-26,71.5
2020-06-27,71.5
2020-06-28,71.5
2020-06-29,71.5
2020-06-30,71.5
2020-07-01,71.6
2020-07-02,71.6
2020-07-03,71.6
2020-07-04,71.3
2020-07-05,70.8
2020-07-06,69.9
2020-07-07,68.7
2020-07-08,68.1
2020-07-09,68.1
2020-07-10,68.1
2020-07-11,70.6
2020-07-12,76.0
2020-07-13,89.8
2020-07-14,99.5
2020-07-15,99.5
2020-07-16,99.5
2020-07-17,99.5
2020-07-18,99.5
2020-07-19,99.5
2020-07-20,99.5
2020-07-21,99.5
2020-07-22,54.5
2020-07-23,54.5
2020-07-24,54.5
2020-07-25,54.5
2020-07-26,54.5
2020-07-27,99.6
2020-07-28,99.6
2020-07-29,99.6
2020-07-30,99.6
2020-07-31,99.6
2020-08-01,99.6
2020-08-02,99.5
2020-08-03,99.3
2020-08-04,98.7
2020-08-05,97.9
2020-08-06,97.5
2020-08-07,97.5
2020-08-08,97.5
2020-08-09,98.2
2020-08-10,98.8
2020-08-11,98.9
2020-08-12,99.0
2020-08-13,99.1
2020-08-14,99.1
2020-08-15,99.2
2020-08-16,99.2
2020-08-17,98.6
2020-08-18,97.5
2020-08-19,96.5
2020-08-20,95.5
2020-08-21,95.1
2020-08-22,94.6
2020-08-23,93.6
2020-08-24,91.9
2020-08-25,88.5
2020-08-26,84.9
2020-08-27,84.5
2020-08-28,84.3
2020-08-29,84.1
2020-08-30,84.0
2020-08-31,83.9
2020-09-01,83.9
2020-09-02,85.7
2020-09-03,87.4
2020-09-04,88.3
2020-09-05,88.3
2020-09-06,88.3
2020-09-07,88.4
2020-09-08,88.9
2020-09-09,89.4
2020-09-10,89.4
2020-09-11,89.4
2020-09-12,89.4
2020-09-13,89.4
2020-09-14,86.8
2020-09-15,84.6
2020-09-16,83.8
2020-09-17,83.3
2020-09-18,82.7
2020-09-19,82.1
2020-09-20,80.9
2020-09-21,80.1
2020-09-22,78.9
2020-09-23,77.8
2020-09-24,76.7
2020-09-25,75.4
2020-09-26,74.2
2020-09-27,73.0
2020-09-28,72.1
2020-09-29,71.4
2020-09-30,71.0
2020-10-01,71.0
2020-10-02,71.0
2020-10-03,71.0
2020-10-04,68.0
2020-10-05,63.7
2020-10-06,61.9
2020-10-07,60.6
2020-10-08,60.0
2020-10-09,60.0
2020-10-10,60.0
2020-10-11,58.1
2020-10-12,56.1
2020-10-13,56.1
2020-10-14,56.1
2020-10-15,56.1
2020-10-16,56.1
2020-10-17,56.1
2020-10-18,56.1
2020-10-19,56.1
2020-10-20,56.1
2020-10-21,56.1
2020-10-22,56.1
2020-10-23,56.1
2020-10-24,56.1
2020-10-25,56.1
2020-10-26,56.1
2020-10-27,56.1
2020-10-28,56.1
2020-10-29,56.2
2020-10-30,56.2
2020-10-31,56.2
2020-11-01,56.2
2020-11-02,56.2
2020-11-03,56.2
2020-11-04,56.2
2020-11-05,56.3
2020-11-06,56.3
2020-11-07,56.3
2020-11-08,56.3
2020-11-09,56.3
2020-11-10,56.4
2020-11-11,56.4
2020-11-12,56.4
2020-11-13,56.5
2020-11-14,56.5
2020-11-15,56.5
2020-11-16,56.5
2020-11-17,56.6
2020-11-18,56.6
2020-11-19,56.9
2020-11-20,57.3
2020-11-21,57.3
2020-11-22,57.4
2020-11-23,57.4
2020-11-24,57.4
2020-11-25,57.5
2020-11-26,57.5
2020-11-27,57.5
2020-11-28,57.6
2020-11-29,57.6
2020-11-30,57.6
2020-12-01,57.7
2020-12-02,57.7
2020-12-03,57.7
2020-12-04,57.8
2020-12-05,57.8
2020-12-06,57.8
2020-12-07,57.8
2020-12-08,57.8
2020-12-09,57.9
2020-12-10,57.9
2020-12-11,57.9
2020-12-12,57.9
2020-12-13,57.9
2020-12-14,57.9
2020-12-15,57.9
2020-12-16,57.9
2020-12-17,58.0
2020-12-18,58.0
2020-12-19,58.0
2020-12-20,58.0
2020-12-21,58.0
2020-12-22,58.0
2020-12-23,58.0
2020-12-24,58.0
2020-12-25,58.0
2020-12-26,58.0
2020-12-27,58.0
2020-12-28,58.0
2020-12-29,58.0
2020-12-30,58.0
2020-12-31,58.0
2021-01-01,58.2
2021-01-02,58.2
2021-01-03,58.2
2021-01-04,58.2
2021-01-05,58.3
2021-01-06,58.4
2021-01-07,58.5
2021-01-08,58.5
2021-01-09,58.5
2021-01-10,58.5
2021-01-11,58.5
2021-01-12,58.5
2021-01-13,58.5
2021-01-14,58.5
2021-01-15,58.5
2021-01-16,58.5
2021-01-17,58.5
2021-01-18,58.7
2021-01-19,59.0
2021-01-20,59.0
2021-01-21,59.1
2021-01-22,59.1
2021-01-23,59.2
2021-01-24,59.3
2021-01-25,59.5
2021-01-26,59.7
2021-01-27,59.8
2021-01-28,59.9
2021-01-29,60.0
2021-01-30,60.0
2021-01-31,60.0
2021-02-01,60.3
2021-02-02,60.7
2021-02-03,60.8
2021-02-04,60.9
2021-02-05,61.0
2021-02-06,61.1
2021-02-07,61.2
2021-02-08,61.2
2021-02-09,61.2
2021-02-10,61.2
2021-02-11,61.2
2021-02-12,61.2
2021-02-13,61.2
2021-02-14,61.2
2021-02-15,61.3
2021-02-16,61.4
2021-02-17,61.5
2021-02-18,61.5
2021-02-19,61.5
2021-02-20,61.5
2021-02-21,61.6
2021-02-22,61.7
2021-02-23,61.8
2021-02-24,61.9
2021-02-25,62.0
2021-02-26,62.1
2021-02-27,62.1
2021-02-28,62.1
2021-03-01,63.5
2021-03-02,65.5
2021-03-03,66.6
2021-03-04,67.4
2021-03-05,67.9
2021-03-06,68.4
2021-03-07,69.3
2021-03-08,70.1
2021-03-09,70.3
2021-03-10,70.5
2021-03-11,70.8
2021-03-12,71.1
2021-03-13,71.6
2021-03-14,72.3
2021-03-15,72.9
2021-03-16,73.4
2021-03-17,73.7
2021-03-18,74.0
2021-03-19,74.1
2021-03-20,74.2
2021-03-21,74.7
2021-03-22,75.3
2021-03-23,75.6
2021-03-24,75.8
2021-03-25,76.0
2021-03-26,76.2
2021-03-27,77.6
2021-03-28,80.2
2021-03-29,82.3
2021-03-30,83.6
2021-03-31,84.4
2021-04-01,84.7
2021-04-02,85.0
2021-04-03,85.5
2021-04-04,86.1
2021-04-05,86.6
2021-04-06,87.0
2021-04-07,87.2
2021-04-08,87.0
2021-04-09,86.6
2021-04-10,86.1
2021-04-11,85.5
2021-04-12,85.1
2021-04-13,85.0
2021-04-14,84.9
2021-04-15,84.5
2021-04-16,84.0
2021-04-17,83.5
2021-04-18,83.0
2021-04-19,82.4
2021-04-20,81.8
2021-04-21,81.2
2021-04-22,80.6
2021-04-23,79.9
2021-04-24,79.3
2021-04-25,78.6
2021-04-26,78.0
2021-04-27,77.4
2021-04-28,76.7
2021-04-29,76.0
2021-04-30,75.3
2021-05-01,74.7
2021-05-02,74.1
2021-05-03,73.6
2021-05-04,73.3
2021-05-05,73.1
2021-05-06,72.7
2021-05-07,72.3
2021-05-08,71.8
2021-05-09,71.2
2021-05-10,70.7
2021-05-11,70.2
2021-05-12,69.7
2021-05-13,69.1
2021-05-14,68.7
2021-05-15,68.7
2021-05-16,68.7
2021-05-17,73.4
2021-05-18,78.6
2021-05-19,79.3
2021-05-20,79.5
2021-05-21,79.4
2021-05-22,79.2
2021-05-23,78.9
2021-05-24,78.3
2021-05-25,77.4
2021-05-26,76.4
2021-05-27,75.5
2021-05-28,75.0
2021-05-29,74.5
2021-05-30,73.5
2021-05-31,72.3
2021-06-01,71.3
2021-06-02,70.4
2021-06-03,69.6
2021-06-04,68.7
2021-06-05,67.7
2021-06-06,66.5
2021-06-07,65.4
2021-06-08,64.0
2021-06-09,62.7
2021-06-10,62.0
2021-06-11,62.0
2021-06-12,61.9
2021-06-13,60.7
2021-06-14,59.0
2021-06-15,58.2
2021-06-16,57.4
2021-06-17,56.4
2021-06-18,55.4
2021-06-19,54.3
2021-06-20,53.2
2021-06-21,52.1
2021-06-22,50.9
2021-06-23,49.9
2021-06-24,49.2
2021-06-25,48.6
2021-06-26,48.0
2021-06-27,47.5
2021-06-28,47.0
2021-06-29,46.5
2021-06-30,46.0
2021-07-01,45.4
2021-07-02,44.8
2021-07-03,44.4
2021-07-04,44.1
2021-07-05,44.0
2021-07-06,55.5
2021-07-07,72.8
2021-07-08,85.4
2021-07-09,92.2
2021-07-10,91.6
2021-07-11,90.3
2021-07-12,89.1
2021-07-13,88.2
2021-07-14,87.4
2021-07-15,86.5
2021-07-16,85.6
2021-07-17,84.7
2021-07-18,83.8
2021-07-19,82.8
2021-07-20,81.8
2021-07-21,80.7
2021-07-22,79.5
2021-07-23,78.3
2021-07-24,77.1
2021-07-25,75.9
2021-07-26,74.7
2021-07-27,73.5
2021-07-28,72.2
2021-07-29,71.1
2021-07-30,70.6
2021-07-31,70.1
2021-08-01,68.6
2021-08-02,67.2
2021-08-03,66.7
2021-08-04,66.3
2021-08-05,65.3
2021-08-06,64.0
2021-08-07,62.9
2021-08-08,61.8
2021-08-09,60.7
2021-08-10,59.6
2021-08-11,58.4
2021-08-12,57.0
2021-08-13,56.1
2021-08-14,56.1
2021-08-15,56.1
2021-08-16,54.4
2021-08-17,52.6
2021-08-18,52.6
2021-08-19,52.6
2021-08-20,52.6
2021-08-21,52.6
2021-08-22,52.4
2021-08-23,52.2
2021-08-24,55.0
2021-08-25,59.0
2021-08-26,61.0
2021-08-27,62.3
2021-08-28,63.1
2021-08-29,63.7
2021-08-30,64.0
2021-08-31,64.0
2021-09-01,64.1
2021-09-02,66.4
2021-09-03,68.6
2021-09-04,68.3
2021-09-05,67.7
2021-09-06,67.3
2021-09-07,67.2
2021-09-08,67.0
2021-09-09,66.7
2021-09-10,66.2
2021-09-11,65.6
2021-09-12,64.2
2021-09-13,62.6
2021-09-14,61.6
2021-09-15,60.6
2021-09-16,59.3
2021-09-17,58.5
2021-09-18,58.5
2021-09-19,58.5
2021-09-20,58.5
2021-09-21,58.5
2021-09-22,58.5
2021-09-23,56.6
2021-09-24,54.7
2021-09-25,54.7
2021-09-26,54.7
2021-09-27,53.0
2021-09-28,50.8
2021-09-29,50.0
2021-09-30,49.6
2021-10-01,49.6
2021-10-02,49.6
2021-10-03,49.6
2021-10-04,50.0
2021-10-05,50.5
2021-10-06,50.7
2021-10-07,50.8
2021-10-08,50.8
2021-10-09,50.9
2021-10-10,51.1
2021-10-11,51.4
2021-10-12,51.7
2021-10-13,51.9
2021-10-14,52.1
2021-10-15,52.2
2021-10-16,52.3
2021-10-17,52.7
2021-10-18,53.1
2021-10-19,53.3
2021-10-20,53.4
2021-10-21,53.5
2021-10-22,53.5
2021-10-23,53.5
2021-10-24,53.5
2021-10-25,53.7
2021-10-26,53.9
2021-10-27,53.9
2021-10-28,54.0
2021-10-29,54.0
2021-10-30,54.1
2021-10-31,54.1
2021-11-01,54.2
2021-11-02,54.3
2021-11-03,54.3
2021-11-04,54.3
2021-11-05,54.4
2021-11-06,54.6
2021-11-07,55.0
2021-11-08,55.4
2021-11-09,55.7
2021-11-10,56.0
2021-11-11,56.3
2021-11-12,56.5
2021-11-13,56.5
2021-11-14,56.5
2021-11-15,56.8
2021-11-16,57.2
2021-11-17,57.3
2021-11-18,57.5
2021-11-19,57.5
2021-11-20,57.5
2021-11-21,57.5
2021-11-22,57.6
2021-11-23,57.8
2021-11-24,58.0
2021-11-25,58.1
2021-11-26,58.1
2021-11-27,58.2
2021-11-28,58.3
2021-11-29,58.4
2021-11-30,59.0
2021-12-01,59.9
2021-12-02,60.5
2021-12-03,61.0
2021-12-04,61.3
2021-12-05,61.6
2021-12-06,61.6
2021-12-07,62.0
2021-12-08,62.1
2021-12-09,62.2
2021-12-10,62.2
2021-12-11,62.3
2021-12-12,62.5
2021-12-13,62.6
2021-12-14,62.7
2021-12-15,62.7
2021-12-16,62.8
2021-12-17,62.9
2021-12-18,63.0
2021-12-19,63.2
2021-12-20,63.3
2021-12-21,63.4
2021-12-22,63.4
2021-12-23,63.5
2021-12-24,63.5
2021-12-25,63.5
2021-12-26,63.6
2021-12-27,63.6
2021-12-28,63.7
2021-12-29,63.7
2021-12-30,63.7
2021-12-31,63.8
2022-01-01,63.9
2022-01-02,63.9
2022-01-03,63.9
2022-01-04,63.9
2022-01-05,63.9
2022-01-06,63.9
2022-01-07,64.0
2022-01-08,64.0
2022-01-09,64.0
2022-01-10,64.0
2022-01-11,64.1
2022-01-12,64.1
2022-01-13,64.1
2022-01-14,64.2
2022-01-15,64.2
2022-01-16,64.2
2022-01-17,64.3
2022-01-18,64.3
2022-01-19,64.4
2022-01-20,64.4
2022-01-21,64.5
2022-01-22,64.5
2022-01-23,64.5
2022-01-24,64.6
2022-01-25,64.7
2022-01-26,64.7
2022-01-27,64.7
2022-01-28,64.7
2022-01-29,64.7
2022-01-30,64.7
2022-01-31,64.7
2022-02-01,64.7
2022-02-02,64.7
2022-02-03,64.7
2022-02-04,64.7
2022-02-05,64.7
2022-02-06,64.7
2022-02-07,64.7
2022-02-08,64.7
2022-02-09,64.7
2022-02-10,64.7
2022-02-11,64.7
2022-02-12,64.7
2022-02-13,64.7
2022-02-14,64.7
2022-02-15,64.7
2022-02-16,64.7
2022-02-17,64.7
2022-02-18,64.7
2022-02-19,64.7
2022-02-20,64.7
2022-02-21,64.7
2022-02-22,64.7
2022-02-23,64.7
2022-02-24,64.7
2022-02-25,64.7
2022-02-26,64.7
2022-02-27,64.7
2022-02-28,64.7
2022-03-01,64.7
2022-03-02,64.7
2022-03-03,64.7
2022-03-04,64.7
2022-03-05,64.7
2022-03-06,64.7
2022-03-07,64.7
2022-03-08,64.7
2022-03-09,64.7
2022-03-10,64.7
2022-03-11,64.7
2022-03-12,64.7
2022-03-13,64.7
2022-03-14,64.7
2022-03-15,64.7
2022-03-16,64.7
2022-03-17,64.7
2022-03-18,64.7
2022-03-19,64.7
2022-03-20,64.7
2022-03-21,64.7
2022-03-22,64.7
2022-03-23,64.7
2022-03-24,64.7
2022-03-25,64.7
2022-03-26,64.7
2022-03-27,64.7
2022-03-28,64.7
2022-03-29,64.7
2022-03-30,64.7
2022-03-31,64.7
2022-04-01,64.7
2022-04-02,64.7
2022-04-03,64.7
2022-04-04,64.7
2022-04-05,64.7
2022-04-06,64.7
2022-04-07,64.7
2022-04-08,64.7
2022-04-09,64.7
2022-04-10,64.7
2022-04-11,64.7
2022-04-12,64.7
2022-04-13,64.7
2022-04-14,64.7
2022-04-15,64.7
2022-04-16,64.7
2022-04-17,64.7
2022-04-18,64.7
2022-04-19,64.7
2022-04-20,64.7
2022-04-21,64.7
2022-04-22,64.7
2022-04-23,64.7
2022-04-24,70.9
2022-04-25,77.3
2022-04-26,77.4
2022-04-27,77.4
2022-04-28,77.5
2022-04-29,77.5
2022-04-30,77.5
2022-05-01,77.5
2022-05-02,77.5
2022-05-03,77.4
2022-05-04,77.1
2022-05-05,76.8
2022-05-06,76.4
2022-05-07,76.1
2022-05-08,75.9
2022-05-09,75.6
2022-05-10,75.3
2022-05-11,74.9
2022-05-12,74.6
2022-05-13,74.2
2022-05-14,73.8
2022-05-15,73.2
2022-05-16,72.6
2022-05-17,71.8
2022-05-18,70.9
2022-05-19,70.2
2022-05-20,69.8
2022-05-21,69.4
2022-05-22,68.3
2022-05-23,67.0
2022-05-24,66.1
2022-05-25,65.3
2022-05-26,64.6
2022-05-27,64.0
2022-05-28,63.6
2022-05-29,63.3
2022-05-30,62.6
2022-05-31,61.7
2022-06-01,60.6
2022-06-02,59.1
2022-06-03,57.7
2022-06-04,56.8
2022-06-05,56.1
2022-06-06,55.4
2022-06-07,54.9
2022-06-08,54.3
2022-06-09,53.6
2022-06-10,52.9
2022-06-11,52.1
2022-06-12,51.3
2022-06-13,50.5
2022-06-14,49.8
2022-06-15,49.0
2022-06-16,48.2
2022-06-17,47.4
2022-06-18,46.4
2022-06-19,45.3
2022-06-20,44.8
2022-06-21,44.8
2022-06-22,44.7
2022-06-23,44.7
2022-06-24,44.7
2022-06-25,44.7
2022-06-26,44.7
2022-06-27,44.7
2022-06-28,44.7
2022-06-29,44.7
2022-06-30,44.0
2022-07-01,43.2
2022-07-02,43.0
2022-07-03,42.8
2022-07-04,42.6
2022-07-05,42.0
2022-07-06,41.4
2022-07-07,41.1
2022-07-08,40.9
2022-07-09,40.7
2022-07-10,40.6
2022-07-11,40.5
2022-07-12,40.3
2022-07-13,39.9
2022-07-14,39.7
2022-07-15,39.7
2022-07-16,39.7
2022-07-17,39.7
2022-07-18,40.5
2022-07-19,41.6
2022-07-20,42.0
2022-07-21,42.3
2022-07-22,42.4
2022-07-23,42.4
2022-07-24,42.4
2022-07-25,43.8
2022-07-26,45.5
2022-07-27,45.6
2022-07-28,45.7
2022-07-29,45.9
2022-07-30,46.2
2022-07-31,46.7
2022-08-01,47.8
2022-08-02,49.4
2022-08-03,51.1
2022-08-04,52.8
2022-08-05,54.1
2022-08-06,54.8
2022-08-07,54.8
2022-08-08,54.8
2022-08-09,54.5
2022-08-10,54.2
2022-08-11,54.2
2022-08-12,54.2
2022-08-13,54.2
2022-08-14,54.2
2022-08-15,53.5
2022-08-16,52.8
2022-08-17,52.8
2022-08-18,52.8
2022-08-19,52.9
2022-08-20,53.2
2022-08-21,54.3
2022-08-22,55.8
2022-08-23,57.1
2022-08-24,58.1
2022-08-25,58.6
2022-08-26,58.9
2022-08-27,58.9
2022-08-28,58.9
2022-08-29,58.5
2022-08-30,57.9
2022-08-31,57.6
2022-09-01,57.4
2022-09-02,57.2
2022-09-03,57.2
2022-09-04,57.5
2022-09-05,58.3
2022-09-06,59.6
2022-09-07,67.5
2022-09-08,74.9
2022-09-09,74.9
2022-09-10,74.9
2022-09-11,74.9
2022-09-12,73.0
2022-09-13,70.4
2022-09-14,69.2
2022-09-15,68.3
2022-09-16,67.8
2022-09-17,67.2
2022-09-18,66.0
2022-09-19,64.6
2022-09-20,63.7
2022-09-21,62.9
2022-09-22,62.1
2022-09-23,61.2
2022-09-24,60.3
2022-09-25,59.4
2022-09-26,58.4
2022-09-27,57.3
2022-09-28,56.1
2022-09-29,55.1
2022-09-30,54.4
2022-10-01,54.0
2022-10-02,54.0
2022-10-03,54.0
2022-10-04,54.1
2022-10-05,54.2
2022-10-06,54.3
2022-10-07,54.4
2022-10-08,54.5
2022-10-09,54.6
2022-10-10,54.6
2022-10-11,54.6
2022-10-12,54.6
2022-10-13,54.6
2022-10-14,54.6
2022-10-15,54.6
2022-10-16,54.6
2022-10-17,54.6
2022-10-18,54.6
2022-10-19,54.6
2022-10-20,54.6
2022-10-21,54.6
2022-10-22,54.6
2022-10-23,54.6
2022-10-24,54.6
2022-10-25,54.6
2022-10-26,54.6
2022-10-27,54.6
2022-10-28,54.6
2022-10-29,54.6
2022-10-30,54.6
2022-10-31,54.6
2022-11-01,54.6
2022-11-02,54.6
2022-11-03,54.6
2022-11-04,54.6
2022-11-05,54.6
2022-11-06,54.6
2022-11-07,54.6
2022-11-08,54.6
2022-11-09,54.6
2022-11-10,54.6
2022-11-11,54.6
2022-11-12,54.6
2022-11-13,54.8
2022-11-14,55.1
2022-11-15,55.2
2022-11-16,55.2
2022-11-17,55.2
2022-11-18,55.2
2022-11-19,55.2
2022-11-20,55.2
2022-11-21,55.2
2022-11-22,55.3
2022-11-23,55.3
2022-11-24,55.3
2022-11-25,55.3
2022-11-26,55.3
2022-11-27,55.3
2022-11-28,55.4
2022-11-29,55.6
2022-11-30,55.6
2022-12-01,55.6
2022-12-02,55.7
2022-12-03,55.7
2022-12-04,55.7
2022-12-05,55.8
2022-12-06,55.8
2022-12-07,55.8
2022-12-08,55.8
2022-12-09,55.8
2022-12-10,55.9
2022-12-11,55.9
2022-12-12,55.9
2022-12-13,55.9
2022-12-14,55.9
2022-12-15,55.9
2022-12-16,56.0
2022-12-17,56.0
2022-12-18,56.0
2022-12-19,56.1
2022-12-20,56.1
2022-12-21,56.1
2022-12-22,56.2
2022-12-23,56.2
2022-12-24,56.3
2022-12-25,56.3
2022-12-26,56.3
2022-12-27,56.4
2022-12-28,56.4
2022-12-29,56.4
2022-12-30,56.4
2022-12-31,56.4
2023-01-01,56.4
2023-01-02,56.4
2023-01-03,56.4
2023-01-04,56.4
2023-01-05,56.4
2023-01-06,56.4
2023-01-07,56.4
2023-01-08,56.4
2023-01-09,56.4
2023-01-10,56.4
2023-01-11,56.4
2023-01-12,56.4
2023-01-13,56.4
2023-01-14,56.4
2023-01-15,56.4
2023-01-16,56.4
2023-01-17,60.9
2023-01-18,61.1
2023-01-19,61.2
2023-01-20,61.2
2023-01-21,61.2
2023-01-22,61.2
2023-01-23,61.2
2023-01-24,61.2
2023-01-25,61.7
2023-01-26,61.5
2023-01-27,61.5
2023-01-28,61.5
2023-01-29,61.5
2023-01-30,61.7
2023-01-31,61.8
2023-02-01,61.7
2023-02-02,61.8
2023-02-03,61.9
2023-02-04,61.9
2023-02-05,61.9
2023-02-06,62.0
2023-02-07,61.9
2023-02-08,62.0
2023-02-09,62.0
2023-02-10,62.2
2023-02-11,62.2
2023-02-12,62.2
2023-02-13,62.5
2023-02-14,62.6
2023-02-15,62.6
2023-02-16,62.7
2023-02-17,62.8
2023-02-18,62.8
2023-02-19,62.8
2023-02-20,63.0
2023-02-21,63.2
2023-02-22,63.2
2023-02-23,63.2
2023-02-24,63.3
2023-02-25,63.3
2023-02-26,63.3
2023-02-27,63.4
2023-02-28,63.4
2023-03-01,63.4
2023-03-02,63.4
2023-03-03,63.5
2023-03-04,63.5
2023-03-05,63.5
2023-03-06,63.5
2023-03-07,63.5
2023-03-08,63.5
2023-03-09,63.5
2023-03-10,63.5
2023-03-11,63.5
2023-03-12,63.5
2023-03-13,63.8
2023-03-14,63.9
2023-03-15,63.8
2023-03-16,64.0
2023-03-17,64.0
2023-03-18,64.0
2023-03-19,64.0
2023-03-20,64.0
2023-03-21,64.0
2023-03-22,64.0
2023-03-23,64.5
2023-03-24,65.2
2023-03-25,65.2
2023-03-26,65.2
2023-03-27,66.1
2023-03-28,66.2
2023-03-29,66.3
2023-03-30,66.4
2023-03-31,66.4
2023-04-01,66.4
2023-04-02,66.4
2023-04-03,65.2
2023-04-04,64.6
2023-04-05,64.7
2023-04-06,69.6
2023-04-07,71.0
2023-04-08,71.0
2023-04-09,71.0
2023-04-10,71.6
2023-04-11,71.2
2023-04-12,70.8
2023-04-13,70.3
2023-04-14,69.7
2023-04-15,69.7
2023-04-16,69.7
2023-04-17,68.1
2023-04-18,67.4
2023-04-19,66.8
2023-04-20,66.1
2023-04-21,65.5
2023-04-22,65.5
2023-04-23,65.5
2023-04-24,63.5
2023-04-25,62.9
2023-04-26,62.3
2023-04-27,61.7
2023-04-28,60.9
2023-04-29,60.9
2023-04-30,60.9
2023-05-01,60.9
2023-05-02,58.3
2023-05-03,57.7
2023-05-04,57.0
2023-05-05,57.0
2023-05-06,57.0
2023-05-07,76.7
2023-05-08,79.7
2023-05-09,80.6
2023-05-10,81.2
2023-05-11,81.6
2023-05-12,81.7
2023-05-13,81.7
2023-05-14,81.7
2023-05-15,80.6
2023-05-16,80.3
2023-05-17,79.5
2023-05-18,79.1
2023-05-19,78.7
2023-05-20,78.0
2023-05-21,78.0
2023-05-22,76.7
2023-05-23,75.9
2023-05-24,75.3
2023-05-25,74.8
2023-05-26,74.2
2023-05-27,74.2
2023-05-28,72.4
2023-05-29,72.0
2023-05-30,73.3
2023-05-31,73.1
2023-06-01,72.4
2023-06-02,72.0
2023-06-03,72.0
2023-06-04,72.0
2023-06-05,69.6
2023-06-06,69.6
2023-06-07,67.3
2023-06-08,66.2
2023-06-09,65.0
2023-06-10,65.0
2023-06-11,65.0
2023-06-12,61.9
2023-06-13,61.0
2023-06-14,60.0
2023-06-15,59.3
2023-06-16,58.4
2023-06-17,58.4
2023-06-18,58.4
2023-06-19,55.3
2023-06-20,54.4
2023-06-21,53.8
2023-06-22,53.1
2023-06-23,52.7
2023-06-24,52.2
2023-06-25,51.9
2023-06-26,51.8
2023-06-27,60.5
2023-06-28,100.0
2023-06-29,94.0
2023-06-30,90.8
2023-07-01,90.8
2023-07-02,85.2
2023-07-03,85.1
2023-07-04,84.4
2023-07-05,87.1
2023-07-06,94.0
2023-07-07,93.8
2023-07-08,93.8
2023-07-09,93.8
2023-07-10,86.1
2023-07-11,83.3
2023-07-12,94.0
2023-07-13,87.1
2023-07-14,89.7
2023-07-15,87.9
2023-07-16,100.0
2023-07-17,100.0
2023-07-18,97.6
2023-07-19,92.3
2023-07-20,86.2
2023-07-21,84.3
2023-07-22,84.3
2023-07-23,82.2
2023-07-24,86.8
2023-07-25,86.2
2023-07-26,84.1
2023-07-27,84.0
2023-07-28,83.3
2023-07-29,83.3
2023-07-30,83.3
2023-07-31,80.3
2023-08-01,79.1
2023-08-02,78.0
2023-08-03,77.3
2023-08-04,76.2
2023-08-05,76.2
2023-08-06,74.0
2023-08-07,72.8
2023-08-08,71.9
2023-08-09,72.4
2023-08-10,78.3
2023-08-11,99.5
2023-08-12,99.5
2023-08-13,99.5
2023-08-14,99.4
2023-08-15,99.4
2023-08-16,98.7
2023-08-17,98.0
2023-08-18,97.0
2023-08-19,97.0
2023-08-20,97.0
2023-08-21,86.8
2023-08-22,85.6
2023-08-23,85.2
2023-08-24,91.7
2023-08-25,100.0
2023-08-26,100.0
2023-08-27,100.0
2023-08-28,99.7
2023-08-29,99.6
2023-08-30,87.4
2023-08-31,91.7
2023-09-01,92.2
2023-09-02,92.2
2023-09-03,92.2
2023-09-04,85.7
2023-09-05,84.9
2023-09-06,83.9
2023-09-07,83.0
2023-09-08,82.0
2023-09-09,82.0
2023-09-10,79.8
2023-09-11,78.6
2023-09-12,77.5
2023-09-13,76.4
2023-09-14,75.3
2023-09-15,75.2
2023-09-16,75.2
2023-09-17,75.2
2023-09-18,78.5
2023-09-19,78.6
2023-09-20,78.0
2023-09-21,77.4
2023-09-22,76.5
2023-09-23,76.5
2023-09-24,74.7
2023-09-25,73.6
2023-09-26,72.5
2023-09-27,72.5
2023-09-28,72.5
2023-09-29,72.5
2023-09-30,72.5
2023-10-01,72.5
2023-10-02,72.5
2023-10-03,72.5
2023-10-04,64.6
2023-10-05,64.6
2023-10-06,64.6
2023-10-07,64.6
2023-10-08,64.6
2023-10-09,64.6
2023-10-10,64.8
2023-10-11,64.8
2023-10-12,64.8
2023-10-13,64.9
2023-10-14,64.9
2023-10-15,64.9
2023-10-16,64.9
2023-10-17,64.9
2023-10-18,65.0
2023-10-19,65.0
2023-10-20,65.2
2023-10-21,65.2
2023-10-22,65.2
2023-10-23,65.2
2023-10-24,65.3
2023-10-25,65.3
2023-10-26,65.3
2023-10-27,65.3
2023-10-28,65.3
2023-10-29,65.3
2023-10-30,65.4
2023-10-31,65.3
2023-11-01,65.3
2023-11-02,65.4
2023-11-03,65.3
2023-11-04,65.3
2023-11-05,65.3
2023-11-06,66.0
2023-11-07,66.4
2023-11-08,66.4
2023-11-09,66.4
2023-11-10,66.8
2023-11-11,66.8
2023-11-12,66.8
2023-11-13,67.0
2023-11-14,67.0
2023-11-15,67.0
2023-11-16,67.1
2023-11-17,67.3
2023-11-18,67.3
2023-11-19,67.3
2023-11-20,67.9
2023-11-21,68.0
2023-11-22,68.1
2023-11-23,68.1
2023-11-24,68.3
2023-11-25,68.3
2023-11-26,68.3
2023-11-27,68.3
2023-11-28,68.4
2023-11-29,68.5
2023-11-30,68.5
2023-12-01,68.5
2023-12-02,68.5
2023-12-03,68.5
2023-12-04,68.6
2023-12-05,68.6
2023-12-06,68.7
2023-12-07,68.7
2023-12-08,68.7
2023-12-09,68.7
2023-12-10,68.7
2023-12-11,68.9
2023-12-12,69.7
2023-12-13,70.5
2023-12-14,70.9
2023-12-15,72.4
2023-12-16,72.4
2023-12-17,72.4
2023-12-18,82.3
2023-12-19,82.8
2023-12-20,83.3
2023-12-21,83.9
2023-12-22,84.3
2023-12-23,84.4
2023-12-24,84.4
2023-12-25,84.4
2023-12-26,84.9
2023-12-27,85.1
2023-12-28,85.4
2023-12-29,85.6
2023-12-30,85.6
2023-12-31,85.6
2024-01-01,85.6
2024-01-02,85.6
2024-01-03,86.7
2024-01-04,87.1
2024-01-05,87.2
2024-01-06,87.2
2024-01-07,87.2
2024-01-08,87.7
2024-01-09,87.8
2024-01-10,87.9
2024-01-11,88.2
2024-01-12,88.3
2024-01-13,88.3
2024-01-14,88.3
2024-01-15,88.8
2024-01-16,88.9
2024-01-17,89.1
2024-01-18,89.2
2024-01-19,89.3
2024-01-20,89.3
2024-01-21,89.3
2024-01-22,91.2
2024-01-23,91.7
2024-01-24,91.7
2024-01-25,91.7
2024-01-26,91.7
2024-01-27,91.7
2024-01-28,91.7
2024-01-29,91.7
2024-01-30,91.7
2024-01-31,91.7
2024-02-01,91.7
2024-02-02,91.7
2024-02-03,91.7
2024-02-04,91.7
2024-02-05,91.7
2024-02-06,98.1
2024-02-07,99.9
2024-02-08,99.7
2024-02-09,99.7
2024-02-10,99.7
2024-02-11,99.7
2024-02-12,99.7
2024-02-13,98.6
2024-02-14,98.9
2024-02-15,99.2
2024-02-16,99.9
2024-02-17,99.9
2024-02-18,99.9
2024-02-19,100.0
2024-02-20,100.0
2024-02-21,100.0
2024-02-22,100.0
2024-02-23,100.0
2024-02-24,100.0
2024-02-25,100.0
2024-02-26,100.0
2024-02-27,100.0
2024-02-28,100.0
2024-02-29,99.7
2024-03-01,99.7
2024-03-02,99.7
2024-03-03,99.7
2024-03-04,96.5
2024-03-05,95.6
2024-03-06,94.5
2024-03-07,93.6
2024-03-08,92.7
2024-03-09,92.7
2024-03-10,92.7
2024-03-11,90.2
2024-03-12,89.4
2024-03-13,88.6
2024-03-14,87.7
2024-03-15,87.0
2024-03-16,87.0
2024-03-17,87.0
2024-03-18,84.9
2024-03-19,84.1
2024-03-20,83.3
2024-03-21,82.6
2024-03-22,81.8
2024-03-23,81.8
2024-03-24,81.8
2024-03-25,79.8
2024-03-26,80.4
2024-03-27,83.0
2024-03-28,84.0
2024-03-29,88.8
2024-03-30,88.8
2024-03-31,88.8
2024-04-01,91.7
2024-04-02,91.3
2024-04-03,92.1
2024-04-04,97.5
2024-04-05,100.0
2024-04-06,100.0
2024-04-07,100.0
2024-04-08,99.5
2024-04-09,98.7
2024-04-10,98.7
2024-04-11,96.9
2024-04-12,95.7
2024-04-13,95.7
2024-04-14,95.7
2024-04-15,92.5
2024-04-16,91.3
2024-04-17,90.2
2024-04-18,88.8
2024-04-19,87.6
2024-04-20,87.6
2024-04-21,87.6
2024-04-22,85.1
2024-04-23,84.3
2024-04-24,83.7
2024-04-25,82.7
2024-04-26,82.1
2024-04-27,82.1
2024-04-28,82.1
2024-04-29,79.4
2024-04-30,78.6
2024-05-01,78.6
2024-05-02,76.5
2024-05-03,75.5
2024-05-04,75.5
2024-05-05,75.5
2024-05-06,75.5
2024-05-07,85.0
2024-05-08,86.2
2024-05-09,86.7
2024-05-10,86.8
2024-05-11,86.2
2024-05-12,86.2
2024-05-13,87.2
2024-05-14,87.1
2024-05-15,87.1
2024-05-16,86.2
2024-05-17,85.5
2024-05-18,85.5
2024-05-19,85.5
2024-05-20,82.9
2024-05-21,82.1
2024-05-22,81.3
2024-05-23,80.5
2024-05-24,79.8
2024-05-25,79.8
2024-05-26,79.8
2024-05-27,77.6
2024-05-28,76.8
2024-05-29,75.9
2024-05-30,74.9
2024-05-31,74.0
2024-06-01,74.0
2024-06-02,74.0
2024-06-03,70.9
2024-06-04,69.9
2024-06-05,68.8
2024-06-06,68.8
2024-06-07,67.2
2024-06-08,67.2
2024-06-09,65.7
2024-06-10,64.9
2024-06-11,64.1
2024-06-12,63.2
2024-06-13,62.4
2024-06-14,61.7
2024-06-15,61.7
2024-06-16,61.7
2024-06-17,59.5
2024-06-18,58.8
2024-06-19,58.0
2024-06-20,57.3
2024-06-21,56.4
2024-06-22,56.4
2024-06-23,56.4
2024-06-24,54.7
2024-06-25,53.2
2024-06-26,52.4
2024-06-27,51.3
2024-06-28,50.1
2024-06-29,50.1
2024-06-30,50.1
2024-07-01,58.1
2024-07-02,59.0
2024-07-03,59.8
2024-07-04,60.9
2024-07-05,61.0
2024-07-06,61.0
2024-07-07,61.0
2024-07-08,60.2
2024-07-09,59.8
2024-07-10,67.2
2024-07-11,69.9
2024-07-12,70.9
2024-07-13,70.9
2024-07-14,70.9
2024-07-15,69.5
2024-07-16,69.2
2024-07-17,79.9
2024-07-18,83.2
2024-07-19,84.4
2024-07-20,84.4
2024-07-21,84.4
2024-07-22,85.4
2024-07-23,84.0
2024-07-24,83.2
2024-07-25,82.4
2024-07-26,81.8
2024-07-27,81.8
2024-07-28,81.8
2024-07-29,84.3
2024-07-30,83.0
2024-07-31,82.1
2024-08-01,81.1
2024-08-02,80.1
2024-08-03,80.1
2024-08-04,78.2
2024-08-05,77.3
2024-08-06,76.4
2024-08-07,75.3
2024-08-08,74.2
2024-08-09,73.3
2024-08-10,72.3
2024-08-11,72.3
2024-08-12,70.2
2024-08-13,69.1
2024-08-14,67.8
2024-08-15,67.8
2024-08-16,65.8
2024-08-17,64.7
2024-08-18,64.7
2024-08-19,64.7
2024-08-20,63.7
2024-08-21,63.0
2024-08-22,62.2
2024-08-23,61.2
2024-08-24,61.2
2024-08-25,61.2
2024-08-26,58.2
2024-08-27,57.0
2024-08-28,56.0
2024-08-29,54.7
2024-08-30,53.5
2024-08-31,53.5
2024-09-01,53.5
2024-09-02,50.2
2024-09-03,49.0
2024-09-04,47.9
2024-09-05,46.8
2024-09-06,46.8
2024-09-07,46.8
2024-09-08,46.8
2024-09-09,46.0
2024-09-10,44.9
2024-09-11,43.8
2024-09-12,42.9
2024-09-13,43.0
2024-09-14,43.0
2024-09-15,43.0
2024-09-16,43.0
2024-09-17,43.0
2024-09-18,43.0
2024-09-19,39.4
2024-09-20,42.3
2024-09-21,52.2
2024-09-22,52.2
2024-09-23,66.8
2024-09-24,68.9
2024-09-25,68.9
2024-09-26,68.1
2024-09-27,67.2
2024-09-28,67.2
2024-09-29,67.2
2024-09-30,63.4
2024-10-01,63.4
2024-10-02,61.3
2024-10-03,61.3
2024-10-04,59.0
2024-10-05,59.0
2024-10-06,59.0
2024-10-07,58.2
2024-10-08,58.3
2024-10-09,58.3
2024-10-10,58.4
2024-10-11,58.4
2024-10-12,58.4
2024-10-13,58.4
2024-10-14,58.5
2024-10-15,59.3
2024-10-16,59.5
2024-10-17,59.6
2024-10-18,59.7
2024-10-19,59.7
2024-10-20,59.7
2024-10-21,59.9
2024-10-22,61.2
2024-10-23,63.3
